Channel	Type	Level 1	Level 2	Level 3	Level 4	Level 5	Level 6	Priority	Progress	Start	Due	Duration (Days)	Milestone	Resources
Conocimiento	Vida y Conocimiento	Tecnología, Tecno	Inteligencia Artificial											
Conocimiento	Vida y Conocimiento	Tecnología, Tecno	Apple	Ipad										
Conocimiento	Vida y Conocimiento	Tecnología, Tecno	Apple	Ebook										
Conocimiento	Vida y Conocimiento	Tecnología, Tecno	Apple	Macbook										
Conocimiento	Vida y Conocimiento	Tecnología, Tecno	Apple	Imac										
Conocimiento	Vida y Conocimiento	Tecnología, Tecno	Apple	Iphone										
Conocimiento	Vida y Conocimiento	Tecnología, Tecno	Innovación, Novedad											
Conocimiento	Vida y Conocimiento	Tecnología, Tecno	Invención, invento, inventiva											
Conocimiento	Vida y Conocimiento	Tecnología, Tecno	Teléfono, Tel	Móvil, Mobile										
Conocimiento	Vida y Conocimiento	Tecnología, Tecno	Teléfono, Tel	Fijo										
Conocimiento	Vida y Conocimiento	Tecnología, Tecno	Electrónica											
Conocimiento	Vida y Conocimiento	Tecnología, Tecno	Computadora, Ordenador, PC, Máquina											
Conocimiento	Vida y Conocimiento	Tecnología, Tecno	Notebook, Laptop, Computadora portatil											
Conocimiento	Vida y Conocimiento	Tecnología, Tecno	Tablet											
Conocimiento	Vida y Conocimiento	Tecnología, Tecno	Computación	Ciencias de la Computación										
Conocimiento	Vida y Conocimiento	Tecnología, Tecno	Hackeo, Hacker											
Conocimiento	Vida y Conocimiento	Tecnología, Tecno	Hardware											
Conocimiento	Vida y Conocimiento	Tecnología, Tecno	Software											
Conocimiento	Vida y Conocimiento	Tecnología, Tecno	WiFi											
Conocimiento	Vida y Conocimiento	Tecnología, Tecno	Redes, Red, Net	Internet										
Conocimiento	Vida y Conocimiento	Tecnología, Tecno	Redes, Red, Net	Intranet										
Conocimiento	Vida y Conocimiento	Tecnología, Tecno	Redes, Red, Net	LAN										
Conocimiento	Vida y Conocimiento	Tecnología, Tecno	Redes, Red, Net	WAN										
Conocimiento	Vida y Conocimiento	Tecnología, Tecno	Redes, Red, Net	MAN										
Conocimiento	Vida y Conocimiento	Tecnología, Tecno	Redes, Red, Net	WLAN										
Conocimiento	Vida y Conocimiento	Tecnología, Tecno	Redes, Red, Net	WMAN										
Conocimiento	Vida y Conocimiento	Tecnología, Tecno	Redes, Red, Net	PAN										
Conocimiento	Vida y Conocimiento	Tecnología, Tecno	Redes, Red, Net	SAN										
Conocimiento	Vida y Conocimiento	Tecnología, Tecno	Redes, Red, Net	CAN										
Conocimiento	Vida y Conocimiento	Tecnología, Tecno	Redes sociales	YouTube										
Conocimiento	Vida y Conocimiento	Tecnología, Tecno	Redes sociales	Twiter										
Conocimiento	Vida y Conocimiento	Tecnología, Tecno	Redes sociales	Linkedin										
Conocimiento	Vida y Conocimiento	Tecnología, Tecno	Redes sociales	Facebook										
Conocimiento	Vida y Conocimiento	Tecnología, Tecno	Redes sociales	Flickr										
Conocimiento	Vida y Conocimiento	Tecnología, Tecno	Redes sociales	Google										
Conocimiento	Vida y Conocimiento	Tecnología, Tecno	Redes sociales	MSN										
Conocimiento	Vida y Conocimiento	Tecnología, Tecno	Redes sociales	MySpace										
Conocimiento	Vida y Conocimiento	Tecnología, Tecno	Redes sociales	Instagram										
Conocimiento	Vida y Conocimiento	Tecnología, Tecno	Redes sociales	Whatsapp										
Conocimiento	Vida y Conocimiento	Tecnología, Tecno	Sistema operativo	Computadora, Ordenador, PC, Máquina	Windows									
Conocimiento	Vida y Conocimiento	Tecnología, Tecno	Sistema operativo	Computadora, Ordenador, PC, Máquina	Mac OS, OSX									
Conocimiento	Vida y Conocimiento	Tecnología, Tecno	Sistema operativo	Computadora, Ordenador, PC, Máquina	Unix									
Conocimiento	Vida y Conocimiento	Tecnología, Tecno	Sistema operativo	Computadora, Ordenador, PC, Máquina	Linux	Debian								
Conocimiento	Vida y Conocimiento	Tecnología, Tecno	Sistema operativo	Computadora, Ordenador, PC, Máquina	Linux	Mandriva								
Conocimiento	Vida y Conocimiento	Tecnología, Tecno	Sistema operativo	Computadora, Ordenador, PC, Máquina	Linux	Puppy								
Conocimiento	Vida y Conocimiento	Tecnología, Tecno	Sistema operativo	Computadora, Ordenador, PC, Máquina	Linux	SUSE								
Conocimiento	Vida y Conocimiento	Tecnología, Tecno	Sistema operativo	Computadora, Ordenador, PC, Máquina	Linux	Kali Linux								
Conocimiento	Vida y Conocimiento	Tecnología, Tecno	Sistema operativo	Computadora, Ordenador, PC, Máquina	Linux	OpenSUSE								
Conocimiento	Vida y Conocimiento	Tecnología, Tecno	Sistema operativo	Computadora, Ordenador, PC, Máquina	Linux	Tuquito								
Conocimiento	Vida y Conocimiento	Tecnología, Tecno	Sistema operativo	Computadora, Ordenador, PC, Máquina	Linux	Fedora								
Conocimiento	Vida y Conocimiento	Tecnología, Tecno	Sistema operativo	Computadora, Ordenador, PC, Máquina	Linux	Sabayon								
Conocimiento	Vida y Conocimiento	Tecnología, Tecno	Sistema operativo	Computadora, Ordenador, PC, Máquina	Linux	Ubuntu								
Conocimiento	Vida y Conocimiento	Tecnología, Tecno	Sistema operativo	Computadora, Ordenador, PC, Máquina	Solaris									
Conocimiento	Vida y Conocimiento	Tecnología, Tecno	Sistema operativo	Computadora, Ordenador, PC, Máquina	FreeBSD									
Conocimiento	Vida y Conocimiento	Tecnología, Tecno	Sistema operativo	Computadora, Ordenador, PC, Máquina	OpenBSD									
Conocimiento	Vida y Conocimiento	Tecnología, Tecno	Sistema operativo	Computadora, Ordenador, PC, Máquina	Google Chrome OS									
Conocimiento	Vida y Conocimiento	Tecnología, Tecno	Sistema operativo	Computadora, Ordenador, PC, Máquina	Wave OS									
Conocimiento	Vida y Conocimiento	Tecnología, Tecno	Sistema operativo	Computadora, Ordenador, PC, Máquina	Haiku (BeOS)									
Conocimiento	Vida y Conocimiento	Tecnología, Tecno	Sistema operativo	Computadora, Ordenador, PC, Máquina	Plan 9									
Conocimiento	Vida y Conocimiento	Tecnología, Tecno	Sistema operativo	Computadora, Ordenador, PC, Máquina	Freespire									
Conocimiento	Vida y Conocimiento	Tecnología, Tecno	Sistema operativo	Computadora, Ordenador, PC, Máquina	HP-UX									
Conocimiento	Vida y Conocimiento	Tecnología, Tecno	Sistema operativo	Computadora, Ordenador, PC, Máquina	ReactOS									
Conocimiento	Vida y Conocimiento	Tecnología, Tecno	Sistema operativo	Computadora, Ordenador, PC, Máquina	BeOS									
Conocimiento	Vida y Conocimiento	Tecnología, Tecno	Sistema operativo	Computadora, Ordenador, PC, Máquina	Android PC									
Conocimiento	Vida y Conocimiento	Tecnología, Tecno	Sistema operativo	Móvil, Mobile	Android									
Conocimiento	Vida y Conocimiento	Tecnología, Tecno	Sistema operativo	Móvil, Mobile	iOS									
Conocimiento	Vida y Conocimiento	Tecnología, Tecno	Sistema operativo	Móvil, Mobile	Bada									
Conocimiento	Vida y Conocimiento	Tecnología, Tecno	Sistema operativo	Móvil, Mobile	BlackBerry OS									
Conocimiento	Vida y Conocimiento	Tecnología, Tecno	Sistema operativo	Móvil, Mobile	BlackBerry 10									
Conocimiento	Vida y Conocimiento	Tecnología, Tecno	Sistema operativo	Móvil, Mobile	Windows Phone									
Conocimiento	Vida y Conocimiento	Tecnología, Tecno	Sistema operativo	Móvil, Mobile	Windows 10 Mobile									
Conocimiento	Vida y Conocimiento	Tecnología, Tecno	Sistema operativo	Móvil, Mobile	Symbian OS									
Conocimiento	Vida y Conocimiento	Tecnología, Tecno	Sistema operativo	Móvil, Mobile	HP webOS									
Conocimiento	Vida y Conocimiento	Tecnología, Tecno	Sistema operativo	Móvil, Mobile	Firefox OS									
Conocimiento	Vida y Conocimiento	Tecnología, Tecno	Sistema operativo	Móvil, Mobile	Ubuntu Phone OS									
Conocimiento	Vida y Conocimiento	Tecnología, Tecno	Sistema operativo	Móvil, Mobile	Tizen									
Conocimiento	Vida y Conocimiento	Tecnología, Tecno	Sistema operativo	Móvil, Mobile	Asha Platform									
Conocimiento	Vida y Conocimiento	Tecnología, Tecno	Sistema operativo	Móvil, Mobile	Palm OS									
Conocimiento	Vida y Conocimiento	Tecnología, Tecno	Sistema operativo	Móvil, Mobile	WebOS									
Conocimiento	Vida y Conocimiento	Tecnología, Tecno	Sistema operativo	Móvil, Mobile	CyanogenMod									
Conocimiento	Vida y Conocimiento	Tecnología, Tecno	Sistema operativo	Móvil, Mobile	Lineage OS									
Conocimiento	Vida y Conocimiento	Tecnología, Tecno	Televisión, Televisor, TV, Tele											
Conocimiento	Vida y Conocimiento	Tecnología, Tecno	Audio, Sonido											
Conocimiento	Vida y Conocimiento	Tecnología, Tecno	Video											
Conocimiento	Vida y Conocimiento	Tecnología, Tecno	Videojuegos, Video Juegos, Videogames, Video games											
Conocimiento	Vida y Conocimiento	Tecnología, Tecno	Virus											
Conocimiento	Vida y Conocimiento	Tecnología, Tecno	Seguridad											
Conocimiento	Vida y Conocimiento	Reparar, Restaurar, Arreglar, Configurar	Hardware	Televisión, Televisor, TV, Tele, Monitor										
Conocimiento	Vida y Conocimiento	Reparar, Restaurar, Arreglar, Configurar	Hardware	Audio, Sonido										
Conocimiento	Vida y Conocimiento	Reparar, Restaurar, Arreglar, Configurar	Hardware	Video										
Conocimiento	Vida y Conocimiento	Reparar, Restaurar, Arreglar, Configurar	Hardware	Videojuegos, Video Juegos, Videogames, Video games										
Conocimiento	Vida y Conocimiento	Reparar, Restaurar, Arreglar, Configurar	Hardware	Impresora										
Conocimiento	Vida y Conocimiento	Reparar, Restaurar, Arreglar, Configurar	Hardware	Tablet										
Conocimiento	Vida y Conocimiento	Reparar, Restaurar, Arreglar, Configurar	Hardware	Computadora, Ordenador, PC, Máquina										
Conocimiento	Vida y Conocimiento	Reparar, Restaurar, Arreglar, Configurar	Hardware	Notebook, Laptop, Computadora portatil										
Conocimiento	Vida y Conocimiento	Reparar, Restaurar, Arreglar, Configurar	Hardware	Tablet										
Conocimiento	Vida y Conocimiento	Reparar, Restaurar, Arreglar, Configurar	Hardware	Teléfono, Tel	Móvil, Mobile									
Conocimiento	Vida y Conocimiento	Reparar, Restaurar, Arreglar, Configurar	Hardware	Teléfono, Tel	Fijo									
Conocimiento	Vida y Conocimiento	Reparar, Restaurar, Arreglar, Configurar	Hardware	Apple	Ipad									
Conocimiento	Vida y Conocimiento	Reparar, Restaurar, Arreglar, Configurar	Hardware	Apple	Ebook									
Conocimiento	Vida y Conocimiento	Reparar, Restaurar, Arreglar, Configurar	Hardware	Apple	Macbook									
Conocimiento	Vida y Conocimiento	Reparar, Restaurar, Arreglar, Configurar	Hardware	Apple	Imac									
Conocimiento	Vida y Conocimiento	Reparar, Restaurar, Arreglar, Configurar	Hardware	Apple	Iphone									
Conocimiento	Vida y Conocimiento	Reparar, Restaurar, Arreglar, Configurar	Software	Sistema operativo	Windows									
Conocimiento	Vida y Conocimiento	Reparar, Restaurar, Arreglar, Configurar	Software	Sistema operativo	Mac OS, OSX									
Conocimiento	Vida y Conocimiento	Reparar, Restaurar, Arreglar, Configurar	Software	Sistema operativo	Unix									
Conocimiento	Vida y Conocimiento	Reparar, Restaurar, Arreglar, Configurar	Software	Sistema operativo	Linux	Debian								
Conocimiento	Vida y Conocimiento	Reparar, Restaurar, Arreglar, Configurar	Software	Sistema operativo	Linux	Mandriva								
Conocimiento	Vida y Conocimiento	Reparar, Restaurar, Arreglar, Configurar	Software	Sistema operativo	Linux	Puppy								
Conocimiento	Vida y Conocimiento	Reparar, Restaurar, Arreglar, Configurar	Software	Sistema operativo	Linux	SUSE								
Conocimiento	Vida y Conocimiento	Reparar, Restaurar, Arreglar, Configurar	Software	Sistema operativo	Linux	Kali Linux								
Conocimiento	Vida y Conocimiento	Reparar, Restaurar, Arreglar, Configurar	Software	Sistema operativo	Linux	OpenSUSE								
Conocimiento	Vida y Conocimiento	Reparar, Restaurar, Arreglar, Configurar	Software	Sistema operativo	Linux	Tuquito								
Conocimiento	Vida y Conocimiento	Reparar, Restaurar, Arreglar, Configurar	Software	Sistema operativo	Linux	Fedora								
Conocimiento	Vida y Conocimiento	Reparar, Restaurar, Arreglar, Configurar	Software	Sistema operativo	Linux	Sabayon								
Conocimiento	Vida y Conocimiento	Reparar, Restaurar, Arreglar, Configurar	Software	Sistema operativo	Linux	Ubuntu								
Conocimiento	Vida y Conocimiento	Reparar, Restaurar, Arreglar, Configurar	Software	Sistema operativo	Solaris									
Conocimiento	Vida y Conocimiento	Reparar, Restaurar, Arreglar, Configurar	Software	Sistema operativo	FreeBSD									
Conocimiento	Vida y Conocimiento	Reparar, Restaurar, Arreglar, Configurar	Software	Sistema operativo	OpenBSD									
Conocimiento	Vida y Conocimiento	Reparar, Restaurar, Arreglar, Configurar	Software	Sistema operativo	Google Chrome OS									
Conocimiento	Vida y Conocimiento	Reparar, Restaurar, Arreglar, Configurar	Software	Sistema operativo	Wave OS									
Conocimiento	Vida y Conocimiento	Reparar, Restaurar, Arreglar, Configurar	Software	Sistema operativo	Haiku (BeOS)									
Conocimiento	Vida y Conocimiento	Reparar, Restaurar, Arreglar, Configurar	Software	Sistema operativo	Plan 9									
Conocimiento	Vida y Conocimiento	Reparar, Restaurar, Arreglar, Configurar	Software	Sistema operativo	Freespire									
Conocimiento	Vida y Conocimiento	Reparar, Restaurar, Arreglar, Configurar	Software	Sistema operativo	HP-UX									
Conocimiento	Vida y Conocimiento	Reparar, Restaurar, Arreglar, Configurar	Software	Sistema operativo	ReactOS									
Conocimiento	Vida y Conocimiento	Reparar, Restaurar, Arreglar, Configurar	Software	Sistema operativo	BeOS									
Conocimiento	Vida y Conocimiento	Reparar, Restaurar, Arreglar, Configurar	Software	Sistema operativo	Android PC									
Conocimiento	Vida y Conocimiento	Reparar, Restaurar, Arreglar, Configurar	Software	Sistema operativo	Android									
Conocimiento	Vida y Conocimiento	Reparar, Restaurar, Arreglar, Configurar	Software	Sistema operativo	iOS									
Conocimiento	Vida y Conocimiento	Reparar, Restaurar, Arreglar, Configurar	Software	Sistema operativo	Bada									
Conocimiento	Vida y Conocimiento	Reparar, Restaurar, Arreglar, Configurar	Software	Sistema operativo	BlackBerry OS									
Conocimiento	Vida y Conocimiento	Reparar, Restaurar, Arreglar, Configurar	Software	Sistema operativo	BlackBerry 10									
Conocimiento	Vida y Conocimiento	Reparar, Restaurar, Arreglar, Configurar	Software	Sistema operativo	Windows Phone									
Conocimiento	Vida y Conocimiento	Reparar, Restaurar, Arreglar, Configurar	Software	Sistema operativo	Windows 10 Mobile									
Conocimiento	Vida y Conocimiento	Reparar, Restaurar, Arreglar, Configurar	Software	Sistema operativo	Symbian OS									
Conocimiento	Vida y Conocimiento	Reparar, Restaurar, Arreglar, Configurar	Software	Sistema operativo	HP webOS									
Conocimiento	Vida y Conocimiento	Reparar, Restaurar, Arreglar, Configurar	Software	Sistema operativo	Firefox OS									
Conocimiento	Vida y Conocimiento	Reparar, Restaurar, Arreglar, Configurar	Software	Sistema operativo	Ubuntu Phone OS									
Conocimiento	Vida y Conocimiento	Reparar, Restaurar, Arreglar, Configurar	Software	Sistema operativo	Tizen									
Conocimiento	Vida y Conocimiento	Reparar, Restaurar, Arreglar, Configurar	Software	Sistema operativo	Asha Platform									
Conocimiento	Vida y Conocimiento	Reparar, Restaurar, Arreglar, Configurar	Software	Sistema operativo	Palm OS									
Conocimiento	Vida y Conocimiento	Reparar, Restaurar, Arreglar, Configurar	Software	Sistema operativo	WebOS									
Conocimiento	Vida y Conocimiento	Reparar, Restaurar, Arreglar, Configurar	Software	Sistema operativo	CyanogenMod									
Conocimiento	Vida y Conocimiento	Reparar, Restaurar, Arreglar, Configurar	Software	Sistema operativo	Lineage OS									
Conocimiento	Vida y Conocimiento	Bebidas	Con alcohol	Tragos, Cockteles	Mojito									
Conocimiento	Vida y Conocimiento	Bebidas	Con alcohol	Tragos, Cockteles	Blue Hawaii									
Conocimiento	Vida y Conocimiento	Bebidas	Con alcohol	Tragos, Cockteles	Daiquiri									
Conocimiento	Vida y Conocimiento	Bebidas	Con alcohol	Tragos, Cockteles	Margarita									
Conocimiento	Vida y Conocimiento	Bebidas	Con alcohol	Tragos, Cockteles	Caipirinha									
Conocimiento	Vida y Conocimiento	Bebidas	Con alcohol	Tragos, Cockteles	Coco Loco									
Conocimiento	Vida y Conocimiento	Bebidas	Con alcohol	Tragos, Cockteles	Manhattan									
Conocimiento	Vida y Conocimiento	Bebidas	Con alcohol	Tragos, Cockteles	Gintonic									
Conocimiento	Vida y Conocimiento	Bebidas	Con alcohol	Tragos, Cockteles	Tom Collins									
Conocimiento	Vida y Conocimiento	Bebidas	Con alcohol	Tragos, Cockteles	Negroni									
Conocimiento	Vida y Conocimiento	Bebidas	Con alcohol	Tragos, Cockteles	Sangría									
Conocimiento	Vida y Conocimiento	Bebidas	Con alcohol	Tragos, Cockteles	Piña Colada									
Conocimiento	Vida y Conocimiento	Bebidas	Con alcohol	Tragos, Cockteles	Martini									
Conocimiento	Vida y Conocimiento	Bebidas	Con alcohol	Tragos, Cockteles	Baileys									
Conocimiento	Vida y Conocimiento	Bebidas	Con alcohol	Tragos, Cockteles	Caipiroska									
Conocimiento	Vida y Conocimiento	Bebidas	Con alcohol	Tragos, Cockteles	Destornillador									
Conocimiento	Vida y Conocimiento	Bebidas	Con alcohol	Tragos, Cockteles	Piel de iguana									
Conocimiento	Vida y Conocimiento	Bebidas	Con alcohol	Vino	Reserva									
Conocimiento	Vida y Conocimiento	Bebidas	Con alcohol	Vino	Tinto									
Conocimiento	Vida y Conocimiento	Bebidas	Con alcohol	Vino	Blanco									
Conocimiento	Vida y Conocimiento	Bebidas	Con alcohol	Vino	Malbec									
Conocimiento	Vida y Conocimiento	Bebidas	Con alcohol	Vino	Merlot									
Conocimiento	Vida y Conocimiento	Bebidas	Con alcohol	Vino	Syra									
Conocimiento	Vida y Conocimiento	Bebidas	Con alcohol	Vino	Cabernet, Cabernet Savignon									
Conocimiento	Vida y Conocimiento	Bebidas	Con alcohol	Vino	Tannat									
Conocimiento	Vida y Conocimiento	Bebidas	Con alcohol	Vino	Bonarda									
Conocimiento	Vida y Conocimiento	Bebidas	Con alcohol	Cerveza	Rubia									
Conocimiento	Vida y Conocimiento	Bebidas	Con alcohol	Cerveza	Roja, Red									
Conocimiento	Vida y Conocimiento	Bebidas	Con alcohol	Cerveza	Negra									
Conocimiento	Vida y Conocimiento	Bebidas	Con alcohol	Champagne										
Conocimiento	Vida y Conocimiento	Bebidas	Con alcohol	Espumante										
Conocimiento	Vida y Conocimiento	Bebidas	Con alcohol	Fernet										
Conocimiento	Vida y Conocimiento	Bebidas	Con alcohol	Tequila										
Conocimiento	Vida y Conocimiento	Bebidas	Con alcohol	Pisco										
Conocimiento	Vida y Conocimiento	Bebidas	Con alcohol	Whisky										
Conocimiento	Vida y Conocimiento	Bebidas	Con alcohol	Coñac										
Conocimiento	Vida y Conocimiento	Bebidas	Con alcohol	Vodka										
Conocimiento	Vida y Conocimiento	Bebidas	Con alcohol	Ron										
Conocimiento	Vida y Conocimiento	Bebidas	Con alcohol	Ginebra										
Conocimiento	Vida y Conocimiento	Bebidas	Sin alcohol	Tragos, Cockteles	San Francisco									
Conocimiento	Vida y Conocimiento	Bebidas	Sin alcohol	Tragos, Cockteles	Roy Rogers									
Conocimiento	Vida y Conocimiento	Bebidas	Sin alcohol	Tragos, Cockteles	Sorbete de Naranja									
Conocimiento	Vida y Conocimiento	Bebidas	Sin alcohol	Tragos, Cockteles	Kiwi Soda									
Conocimiento	Vida y Conocimiento	Bebidas	Sin alcohol	Tragos, Cockteles	Shanghai									
Conocimiento	Vida y Conocimiento	Bebidas	Sin alcohol	Tragos, Cockteles	Orgullo Puritano									
Conocimiento	Vida y Conocimiento	Bebidas	Sin alcohol	Tragos, Cockteles	Agua de Jamaica									
Conocimiento	Vida y Conocimiento	Bebidas	Sin alcohol	Tragos, Cockteles	Iced Tea									
Conocimiento	Vida y Conocimiento	Bebidas	Sin alcohol	Tragos, Cockteles	Tropical Cooler									
Conocimiento	Vida y Conocimiento	Bebidas	Sin alcohol	Tragos, Cockteles	Destornillador									
Conocimiento	Vida y Conocimiento	Bebidas	Sin alcohol	Tragos, Cockteles	Mojito									
Conocimiento	Vida y Conocimiento	Bebidas	Sin alcohol	Tragos, Cockteles	Pato Donal									
Conocimiento	Vida y Conocimiento	Bebidas	Sin alcohol	Té										
Conocimiento	Vida y Conocimiento	Bebidas	Sin alcohol	Café										
Conocimiento	Vida y Conocimiento	Bebidas	Sin alcohol	Gaseosas										
Conocimiento	Vida y Conocimiento	Bebidas	Sin alcohol	Jugos										
Conocimiento	Vida y Conocimiento	Bebidas	Sin alcohol	Aperitivos										
Conocimiento	Vida y Conocimiento	Gastronomía	Naturista, Comida Sana, Comida Saludable											
Conocimiento	Vida y Conocimiento	Gastronomía	Vegetariana											
Conocimiento	Vida y Conocimiento	Gastronomía	Vegana											
Conocimiento	Vida y Conocimiento	Gastronomía	Frugívora											
Conocimiento	Vida y Conocimiento	Gastronomía	Macrobiótica											
Conocimiento	Vida y Conocimiento	Gastronomía	Cocina	Étnica										
Conocimiento	Vida y Conocimiento	Gastronomía	Cocina	Nouvelle cuisine										
Conocimiento	Vida y Conocimiento	Gastronomía	Cocina	Tradicional										
Conocimiento	Vida y Conocimiento	Gastronomía	Cocina	Alta cocina										
Conocimiento	Vida y Conocimiento	Gastronomía	Cocina	Fusión										
Conocimiento	Vida y Conocimiento	Gastronomía	Cocina	De vanguardia										
Conocimiento	Vida y Conocimiento	Gastronomía	Cocina	Internacional										
Conocimiento	Vida y Conocimiento	Gastronomía	Comidas festivas											
Conocimiento	Vida y Conocimiento	Gastronomía	Recetas											
Conocimiento	Vida y Conocimiento	Gastronomía	Repostería											
Conocimiento	Vida y Conocimiento	Gastronomía	Nutrición											
Conocimiento	Vida y Conocimiento	Gastronomía	Slow Food											
Conocimiento	Vida y Conocimiento	Gastronomía	Fast Food											
Conocimiento	Vida y Conocimiento	Gastronomía	Mood Food											
Conocimiento	Vida y Conocimiento	Gastronomía	Especias, Hierbas 											
Conocimiento	Vida y Conocimiento	Gastronomía	Semillas											
Conocimiento	Vida y Conocimiento	Gastronomía	Cualidades de los alimentos											
Vida	Vida y Conocimiento	Belleza, Estilo	Imagen, Figura											
Vida	Vida y Conocimiento	Belleza, Estilo	Peso											
Vida	Vida y Conocimiento	Belleza, Estilo	Estética											
Vida	Vida y Conocimiento	Belleza, Estilo	Cabello, Pelo, Capilar	Peinados										
Vida	Vida y Conocimiento	Belleza, Estilo	Cabello, Pelo, Capilar	Cortes										
Vida	Vida y Conocimiento	Belleza, Estilo	Cabello, Pelo, Capilar	Cuidado										
Vida	Vida y Conocimiento	Belleza, Estilo	Higiene personal											
Vida	Vida y Conocimiento	Belleza, Estilo	Masajes	Tailandes										
Vida	Vida y Conocimiento	Belleza, Estilo	Masajes	Tántrico										
Vida	Vida y Conocimiento	Belleza, Estilo	Masajes	Relajante										
Vida	Vida y Conocimiento	Belleza, Estilo	Masajes	Descontracturante										
Vida	Vida y Conocimiento	Belleza, Estilo	Masajes	De pies										
Vida	Vida y Conocimiento	Belleza, Estilo	Masajes	Prenatal										
Vida	Vida y Conocimiento	Belleza, Estilo	Masajes	Balsámico										
Vida	Vida y Conocimiento	Belleza, Estilo	Masajes	Piedras, Piedras volcánicas										
Vida	Vida y Conocimiento	Belleza, Estilo	Masajes	Sueco										
Vida	Vida y Conocimiento	Belleza, Estilo	Tratamientos	Facial										
Vida	Vida y Conocimiento	Belleza, Estilo	Tratamientos	Manicura										
Vida	Vida y Conocimiento	Belleza, Estilo	Tratamientos	Pedicura										
Vida	Vida y Conocimiento	Belleza, Estilo	Tratamientos	Depilación										
Vida	Vida y Conocimiento	Belleza, Estilo	Tratamientos	Corporal										
Vida	Vida y Conocimiento	Belleza, Estilo	Moda											
Vida	Vida y Conocimiento	Belleza, Estilo	Ropa, Vestimenta, Vestuario, Prenda											
Vida	Vida y Conocimiento	Belleza, Estilo	Calzado, Zapatos											
Vida	Vida y Conocimiento	Belleza, Estilo	Accesorios											
Vida	Vida y Conocimiento	Belleza, Estilo	Maquillaje, Cosmético, Makeup											
Vida	Vida y Conocimiento	Belleza, Estilo	Cuerpo											
Vida	Vida y Conocimiento	Belleza, Estilo	Bodas											
Vida	Vida y Conocimiento	Belleza, Estilo	Diseño											
Conocimiento	Vida y Conocimiento	Deporte	Equipo	Fútbol										
Conocimiento	Vida y Conocimiento	Deporte	Equipo	Fútbol americano										
Conocimiento	Vida y Conocimiento	Deporte	Equipo	Fútbol australiano										
Conocimiento	Vida y Conocimiento	Deporte	Equipo	Fútbol canadiense										
Conocimiento	Vida y Conocimiento	Deporte	Equipo	Basquetbol, Basquet, Baloncesto										
Conocimiento	Vida y Conocimiento	Deporte	Equipo	Béisbol										
Conocimiento	Vida y Conocimiento	Deporte	Equipo	Softball										
Conocimiento	Vida y Conocimiento	Deporte	Equipo	Rugby										
Conocimiento	Vida y Conocimiento	Deporte	Equipo	Voleibol										
Conocimiento	Vida y Conocimiento	Deporte	Equipo	Hockey										
Conocimiento	Vida y Conocimiento	Deporte	Equipo	Pato										
Conocimiento	Vida y Conocimiento	Deporte	Equipo	Polo										
Conocimiento	Vida y Conocimiento	Deporte	Equipo	Squash										
Conocimiento	Vida y Conocimiento	Deporte	Individuales	Tenis										
Conocimiento	Vida y Conocimiento	Deporte	Individuales	Artes marciales										
Conocimiento	Vida y Conocimiento	Deporte	Individuales	Billar										
Conocimiento	Vida y Conocimiento	Deporte	Individuales	Carreras de caballos										
Conocimiento	Vida y Conocimiento	Deporte	Individuales	Boxeo										
Conocimiento	Vida y Conocimiento	Deporte	Individuales	Ciclismo										
Conocimiento	Vida y Conocimiento	Deporte	Individuales	Handball, Balonmano										
Conocimiento	Vida y Conocimiento	Deporte	Individuales	Atletismo										
Conocimiento	Vida y Conocimiento	Deporte	Individuales	Golf										
Conocimiento	Vida y Conocimiento	Deporte	Individuales	Surf										
Conocimiento	Vida y Conocimiento	Deporte	Individuales	Windsurf										
Conocimiento	Vida y Conocimiento	Deporte	Individuales	Judo										
Conocimiento	Vida y Conocimiento	Deporte	Individuales	Katate										
Conocimiento	Vida y Conocimiento	Deporte	Individuales	Patinaje										
Conocimiento	Vida y Conocimiento	Deporte	Individuales	Esgrima										
Conocimiento	Vida y Conocimiento	Deporte	Agua	Natación										
Conocimiento	Vida y Conocimiento	Deporte	Agua	Buceo										
Conocimiento	Vida y Conocimiento	Deporte	Agua	Waterpolo										
Conocimiento	Vida y Conocimiento	Deporte	Agua	Hockey sobre hielo										
Conocimiento	Vida y Conocimiento	Deporte	Agua	Esquí acuático, Sky acuático										
Conocimiento	Vida y Conocimiento	Deporte	Agua	Remo										
Conocimiento	Vida y Conocimiento	Deporte	Agua	Kayak										
Conocimiento	Vida y Conocimiento	Deporte	Agua	Vela										
Conocimiento	Vida y Conocimiento	Deporte	Agua	Kitesurf										
Conocimiento	Vida y Conocimiento	Deporte	Invierno	Esquí, Sky										
Conocimiento	Vida y Conocimiento	Deporte	Invierno	Snowboard										
Conocimiento	Vida y Conocimiento	Deporte	Motor	Motociclismo										
Conocimiento	Vida y Conocimiento	Deporte	Motor	Automovilismo										
Conocimiento	Vida y Conocimiento	Deporte	Motor	Motonáutica										
Conocimiento	Vida y Conocimiento	Deporte	Fantasía											
Conocimiento	Vida y Conocimiento	Deporte	Olímpicos											
Conocimiento	Vida y Conocimiento	Animales, Mascotas	Anfibios											
Conocimiento	Vida y Conocimiento	Animales, Mascotas	Animales de granja											
Conocimiento	Vida y Conocimiento	Animales, Mascotas	Aves											
Conocimiento	Vida y Conocimiento	Animales, Mascotas	Bichos											
Conocimiento	Vida y Conocimiento	Animales, Mascotas	Caballos, Yeguas											
Conocimiento	Vida y Conocimiento	Animales, Mascotas	Conejos											
Conocimiento	Vida y Conocimiento	Animales, Mascotas	Crustáceos											
Conocimiento	Vida y Conocimiento	Animales, Mascotas	Ganado											
Conocimiento	Vida y Conocimiento	Animales, Mascotas	Gatos											
Conocimiento	Vida y Conocimiento	Animales, Mascotas	Hámsteres											
Conocimiento	Vida y Conocimiento	Animales, Mascotas	Peces											
Conocimiento	Vida y Conocimiento	Animales, Mascotas	Perros											
Conocimiento	Vida y Conocimiento	Animales, Mascotas	Reptiles											
Conocimiento	Vida y Conocimiento	Animales, Mascotas	Tortugas											
Conocimiento	Vida y Conocimiento	Animales, Mascotas	Aves, Pájaro,											
Conocimiento	Vida y Conocimiento	Arte	Artesanías											
Conocimiento	Vida y Conocimiento	Arte	Pinturas											
Conocimiento	Vida y Conocimiento	Arte	Música											
Conocimiento	Vida y Conocimiento	Arte	Baile, Dansa											
Conocimiento	Vida y Conocimiento	Arte	Actuación											
Conocimiento	Vida y Conocimiento	Arte	Tatuaje											
Conocimiento	Vida y Conocimiento	Arte	Piercing											
Conocimiento	Vida y Conocimiento	Arte	Dibujo											
Conocimiento	Vida y Conocimiento	Arte	Fotografía											
Conocimiento	Vida y Conocimiento	Arte	Literatura											
Conocimiento	Vida y Conocimiento	Arte	Decoración, Deco											
Conocimiento	Vida y Conocimiento	Negocios	Mercado bursátil											
Conocimiento	Vida y Conocimiento	Negocios	Acciones											
Conocimiento	Vida y Conocimiento	Negocios	Dinero											
Conocimiento	Vida y Conocimiento	Negocios	Capital de riesgo											
Conocimiento	Vida y Conocimiento	Negocios	Comercio bursátil											
Conocimiento	Vida y Conocimiento	Negocios	Criptomonedas	Bitcoin										
Conocimiento	Vida y Conocimiento	Negocios	Pequeños negocios											
Conocimiento	Vida y Conocimiento	Negocios	Emprendimiento											
Conocimiento	Vida y Conocimiento	Negocios	Compañias Emergentes											
Conocimiento	Vida y Conocimiento	Negocios	Empresas											
Conocimiento	Vida y Conocimiento	Negocios	Comercios											
Conocimiento	Vida y Conocimiento	Negocios	Impuestos											
Conocimiento	Vida y Conocimiento	Negocios	Inversiones											
Conocimiento	Vida y Conocimiento	Negocios	Legales											
Conocimiento	Vida y Conocimiento	Pasatiempos	Coleccionismo											
Conocimiento	Vida y Conocimiento	Pasatiempos	Juegos											
Conocimiento	Vida y Conocimiento	Pasatiempos	Manualidades											
Conocimiento	Vida y Conocimiento	Pasatiempos	Nudos											
Conocimiento	Vida y Conocimiento	Pasatiempos	Trucos y bromas											
Conocimiento	Vida y Conocimiento	Pasatiempos	Técnicas antiaburrimiento											
Conocimiento	Vida y Conocimiento	Pasatiempos	Corte y confección											
Conocimiento	Vida y Conocimiento	Pasatiempos	Dibujo											
Conocimiento	Vida y Conocimiento	Pasatiempos	Fotografía											
Conocimiento	Vida y Conocimiento	Pasatiempos	Pintura											
Vida	Vida y Conocimiento	Salud	Estado físico	Nutrición										
Vida	Vida y Conocimiento	Salud	Estado físico	Comida Sana, Comida Saludable										
Vida	Vida y Conocimiento	Salud	Estado físico	Embarazo										
Vida	Vida y Conocimiento	Salud	Estado físico	Lesiones, Accidentes, Heridas										
Vida	Vida y Conocimiento	Salud	Estado físico	Supervivencia										
Vida	Vida y Conocimiento	Salud	Estado físico	Calvicie, Capilar, Salud Capilar										
Vida	Vida y Conocimiento	Salud	Estado físico	Envegecimiento, Veges										
Vida	Vida y Conocimiento	Salud	Estado físico	Primeros Auxilios										
Vida	Vida y Conocimiento	Salud	Estado físico	Cuidado corporal										
Vida	Vida y Conocimiento	Salud	Estado físico	Discapacidad, Incapacidad, Invalidez, Inhabilidad										
Vida	Vida y Conocimiento	Salud	Estado físico	Rehabilitación	Fisioterapia, Fisio	Masaje	Descontraturante							
Vida	Vida y Conocimiento	Salud	Estado físico	Rehabilitación	Fisioterapia, Fisio	Masaje	Linfático							
Vida	Vida y Conocimiento	Salud	Estado físico	Rehabilitación	Fisioterapia, Fisio	Masaje	Reflexología							
Vida	Vida y Conocimiento	Salud	Estado físico	Rehabilitación	Fisioterapia, Fisio	Ultra sonido								
Vida	Vida y Conocimiento	Salud	Estado físico	Rehabilitación	Fisioterapia, Fisio	Onda corta								
Vida	Vida y Conocimiento	Salud	Estado físico	Rehabilitación	Fisioterapia, Fisio	Magneto								
Vida	Vida y Conocimiento	Salud	Estado físico	Rehabilitación	Fisioterapia, Fisio	Electrodo								
Vida	Vida y Conocimiento	Salud	Estado físico	Rehabilitación	Fisioterapia, Fisio	Taping								
Vida	Vida y Conocimiento	Salud	Estado físico	Rehabilitación	Neurológica									
Vida	Vida y Conocimiento	Salud	Estado físico	Rehabilitación	Fonoudiología									
Vida	Vida y Conocimiento	Salud	Estado físico	Rehabilitación	Psicológica									
Vida	Vida y Conocimiento	Salud	Enfermedades	Alergias	Alergia									
Vida	Vida y Conocimiento	Salud	Enfermedades	Alergias	Alergia al níquel									
Vida	Vida y Conocimiento	Salud	Enfermedades	Alergias	Alergia al sol									
Vida	Vida y Conocimiento	Salud	Enfermedades	Alergias	Congestión nasal									
Vida	Vida y Conocimiento	Salud	Enfermedades	Alergias	Intolerancia a la histamina									
Vida	Vida y Conocimiento	Salud	Enfermedades	Alergias	Reacciones alérgicas a medicamentos									
Vida	Vida y Conocimiento	Salud	Enfermedades	Alergias	Rinitis									
Vida	Vida y Conocimiento	Salud	Enfermedades	Alergias	Sensibilidad química múltiple									
Vida	Vida y Conocimiento	Salud	Enfermedades	Alergias	Sinusitis									
Vida	Vida y Conocimiento	Salud	Enfermedades	Alergias	Urticaria									
Vida	Vida y Conocimiento	Salud	Enfermedades	Autoinmunes	Artritis reumatoide									
Vida	Vida y Conocimiento	Salud	Enfermedades	Autoinmunes	Celiaquía									
Vida	Vida y Conocimiento	Salud	Enfermedades	Autoinmunes	Colitis ulcerosa									
Vida	Vida y Conocimiento	Salud	Enfermedades	Autoinmunes	Enfermedad de Addison									
Vida	Vida y Conocimiento	Salud	Enfermedades	Autoinmunes	Enfermedad de Behçet									
Vida	Vida y Conocimiento	Salud	Enfermedades	Autoinmunes	Enfermedad de Crohn									
Vida	Vida y Conocimiento	Salud	Enfermedades	Autoinmunes	Enfermedad de Kawasaki									
Vida	Vida y Conocimiento	Salud	Enfermedades	Autoinmunes	Esclerodermia									
Vida	Vida y Conocimiento	Salud	Enfermedades	Autoinmunes	Esclerosis múltiple									
Vida	Vida y Conocimiento	Salud	Enfermedades	Autoinmunes	Espondilitis anquilosante									
Vida	Vida y Conocimiento	Salud	Enfermedades	Autoinmunes	Lupus									
Vida	Vida y Conocimiento	Salud	Enfermedades	Autoinmunes	Miastenia gravis									
Vida	Vida y Conocimiento	Salud	Enfermedades	Autoinmunes	Narcolepsia									
Vida	Vida y Conocimiento	Salud	Enfermedades	Autoinmunes	Psoriasis									
Vida	Vida y Conocimiento	Salud	Enfermedades	Autoinmunes	PTI (trombocitopenia inmune primaria)									
Vida	Vida y Conocimiento	Salud	Enfermedades	Autoinmunes	Sarcoidosis									
Vida	Vida y Conocimiento	Salud	Enfermedades	Autoinmunes	Sensibilidad química múltiple									
Vida	Vida y Conocimiento	Salud	Enfermedades	Autoinmunes	Síndrome de Guillain-Barré									
Vida	Vida y Conocimiento	Salud	Enfermedades	Autoinmunes	Síndrome de Sjögren									
Vida	Vida y Conocimiento	Salud	Enfermedades	Autoinmunes	Uveítis									
Vida	Vida y Conocimiento	Salud	Enfermedades	Autoinmunes	Vitíligo									
Vida	Vida y Conocimiento	Salud	Enfermedades	Cardiovasculares	Aneurisma									
Vida	Vida y Conocimiento	Salud	Enfermedades	Cardiovasculares	Angina de pecho									
Vida	Vida y Conocimiento	Salud	Enfermedades	Cardiovasculares	Arritmia									
Vida	Vida y Conocimiento	Salud	Enfermedades	Cardiovasculares	Arteriosclerosis									
Vida	Vida y Conocimiento	Salud	Enfermedades	Cardiovasculares	Edema pulmonar									
Vida	Vida y Conocimiento	Salud	Enfermedades	Cardiovasculares	Endocarditis									
Vida	Vida y Conocimiento	Salud	Enfermedades	Cardiovasculares	Fibrilación auricular									
Vida	Vida y Conocimiento	Salud	Enfermedades	Cardiovasculares	Hipertensión arterial									
Vida	Vida y Conocimiento	Salud	Enfermedades	Cardiovasculares	Hipotensión arterial									
Vida	Vida y Conocimiento	Salud	Enfermedades	Cardiovasculares	Infarto de miocardio									
Vida	Vida y Conocimiento	Salud	Enfermedades	Cardiovasculares	Insuficiencia cardiaca									
Vida	Vida y Conocimiento	Salud	Enfermedades	Cardiovasculares	Insuficiencia mitral									
Vida	Vida y Conocimiento	Salud	Enfermedades	Cardiovasculares	Lipotimia									
Vida	Vida y Conocimiento	Salud	Enfermedades	Cardiovasculares	Palpitaciones cardíacas									
Vida	Vida y Conocimiento	Salud	Enfermedades	Cardiovasculares	Pericarditis									
Vida	Vida y Conocimiento	Salud	Enfermedades	Cardiovasculares	Reanimación cardiopulmonar									
Vida	Vida y Conocimiento	Salud	Enfermedades	Cardiovasculares	Shock									
Vida	Vida y Conocimiento	Salud	Enfermedades	Cardiovasculares	Tromboembolismo pulmonar									
Vida	Vida y Conocimiento	Salud	Enfermedades	Cardiovasculares	Trombosis venosa									
Vida	Vida y Conocimiento	Salud	Enfermedades	Cardiovasculares	Varices									
Vida	Vida y Conocimiento	Salud	Enfermedades	De la Mujer	Amenorrea									
Vida	Vida y Conocimiento	Salud	Enfermedades	De la Mujer	Atrofia vaginal									
Vida	Vida y Conocimiento	Salud	Enfermedades	De la Mujer	Bartolinitis									
Vida	Vida y Conocimiento	Salud	Enfermedades	De la Mujer	Cáncer de cuello de útero									
Vida	Vida y Conocimiento	Salud	Enfermedades	De la Mujer	Cáncer de mama									
Vida	Vida y Conocimiento	Salud	Enfermedades	De la Mujer	Cáncer de ovario									
Vida	Vida y Conocimiento	Salud	Enfermedades	De la Mujer	Cistitis									
Vida	Vida y Conocimiento	Salud	Enfermedades	De la Mujer	Dismenorrea									
Vida	Vida y Conocimiento	Salud	Enfermedades	De la Mujer	Endometriosis									
Vida	Vida y Conocimiento	Salud	Enfermedades	De la Mujer	Enfermedad inflamatoria pélvica									
Vida	Vida y Conocimiento	Salud	Enfermedades	De la Mujer	Fibromialgia									
Vida	Vida y Conocimiento	Salud	Enfermedades	De la Mujer	Galactorrea									
Vida	Vida y Conocimiento	Salud	Enfermedades	De la Mujer	Hirsutismo									
Vida	Vida y Conocimiento	Salud	Enfermedades	De la Mujer	Incontinencia urinaria									
Vida	Vida y Conocimiento	Salud	Enfermedades	De la Mujer	Menopausia									
Vida	Vida y Conocimiento	Salud	Enfermedades	De la Mujer	Miomatosis uterina									
Vida	Vida y Conocimiento	Salud	Enfermedades	De la Mujer	Patologías benignas de mama									
Vida	Vida y Conocimiento	Salud	Enfermedades	De la Mujer	Pólipos uterinos									
Vida	Vida y Conocimiento	Salud	Enfermedades	De la Mujer	Síndrome de fatiga crónica									
Vida	Vida y Conocimiento	Salud	Enfermedades	De la Mujer	Síndrome de Ovario Poliquístico (SOP)									
Vida	Vida y Conocimiento	Salud	Enfermedades	De la Mujer	Síndrome de Rett									
Vida	Vida y Conocimiento	Salud	Enfermedades	De la Mujer	Síndrome de Turner									
Vida	Vida y Conocimiento	Salud	Enfermedades	De la Mujer	Vaginitis									
Vida	Vida y Conocimiento	Salud	Enfermedades	De la Mujer	Vaginosis bacteriana									
Vida	Vida y Conocimiento	Salud	Enfermedades	De la Piel	Acné									
Vida	Vida y Conocimiento	Salud	Enfermedades	De la Piel	Albinismo									
Vida	Vida y Conocimiento	Salud	Enfermedades	De la Piel	Alergia									
Vida	Vida y Conocimiento	Salud	Enfermedades	De la Piel	Ampollas									
Vida	Vida y Conocimiento	Salud	Enfermedades	De la Piel	Cáncer de piel									
Vida	Vida y Conocimiento	Salud	Enfermedades	De la Piel	Dermatitis atópica									
Vida	Vida y Conocimiento	Salud	Enfermedades	De la Piel	Esclerodermia									
Vida	Vida y Conocimiento	Salud	Enfermedades	De la Piel	Heridas									
Vida	Vida y Conocimiento	Salud	Enfermedades	De la Piel	Herpes									
Vida	Vida y Conocimiento	Salud	Enfermedades	De la Piel	Impétigo									
Vida	Vida y Conocimiento	Salud	Enfermedades	De la Piel	Lepra									
Vida	Vida y Conocimiento	Salud	Enfermedades	De la Piel	Melanoma									
Vida	Vida y Conocimiento	Salud	Enfermedades	De la Piel	Melasma									
Vida	Vida y Conocimiento	Salud	Enfermedades	De la Piel	Molusco contagioso									
Vida	Vida y Conocimiento	Salud	Enfermedades	De la Piel	Pitiriasis versicolor									
Vida	Vida y Conocimiento	Salud	Enfermedades	De la Piel	Psoriasis									
Vida	Vida y Conocimiento	Salud	Enfermedades	De la Piel	Quemaduras									
Vida	Vida y Conocimiento	Salud	Enfermedades	De la Piel	Raspaduras y laceraciones									
Vida	Vida y Conocimiento	Salud	Enfermedades	De la Piel	Rosácea									
Vida	Vida y Conocimiento	Salud	Enfermedades	De la Piel	Telangiectasias									
Vida	Vida y Conocimiento	Salud	Enfermedades	De la Piel	Toxicodermias									
Vida	Vida y Conocimiento	Salud	Enfermedades	De la Piel	Urticaria									
Vida	Vida y Conocimiento	Salud	Enfermedades	De la Piel	Vitíligo									
Vida	Vida y Conocimiento	Salud	Enfermedades	De la Sangre	Anemia									
Vida	Vida y Conocimiento	Salud	Enfermedades	De la Sangre	Derrame ocular									
Vida	Vida y Conocimiento	Salud	Enfermedades	De la Sangre	Enfermedad de Kawasaki									
Vida	Vida y Conocimiento	Salud	Enfermedades	De la Sangre	Hemocromatosis									
Vida	Vida y Conocimiento	Salud	Enfermedades	De la Sangre	Hemofilia									
Vida	Vida y Conocimiento	Salud	Enfermedades	De la Sangre	Hemorragia nasal									
Vida	Vida y Conocimiento	Salud	Enfermedades	De la Sangre	Leucemia									
Vida	Vida y Conocimiento	Salud	Enfermedades	De la Sangre	Mieloma múltiple									
Vida	Vida y Conocimiento	Salud	Enfermedades	De la Sangre	Policitemia vera									
Vida	Vida y Conocimiento	Salud	Enfermedades	De la Sangre	PTI (trombocitopenia inmune primaria)									
Vida	Vida y Conocimiento	Salud	Enfermedades	De la Sangre	Talasemia									
Vida	Vida y Conocimiento	Salud	Enfermedades	De la Sangre	Trombosis venosa									
Vida	Vida y Conocimiento	Salud	Enfermedades	De los Ojos	Abrasión corneal									
Vida	Vida y Conocimiento	Salud	Enfermedades	De los Ojos	Astigmatismo									
Vida	Vida y Conocimiento	Salud	Enfermedades	De los Ojos	Cataratas									
Vida	Vida y Conocimiento	Salud	Enfermedades	De los Ojos	Conjuntivitis									
Vida	Vida y Conocimiento	Salud	Enfermedades	De los Ojos	Daltonismo									
Vida	Vida y Conocimiento	Salud	Enfermedades	De los Ojos	Degeneración macular									
Vida	Vida y Conocimiento	Salud	Enfermedades	De los Ojos	Derrame ocular									
Vida	Vida y Conocimiento	Salud	Enfermedades	De los Ojos	Escleritis									
Vida	Vida y Conocimiento	Salud	Enfermedades	De los Ojos	Estrabismo									
Vida	Vida y Conocimiento	Salud	Enfermedades	De los Ojos	Glaucoma									
Vida	Vida y Conocimiento	Salud	Enfermedades	De los Ojos	Hipermetropía									
Vida	Vida y Conocimiento	Salud	Enfermedades	De los Ojos	Miopía									
Vida	Vida y Conocimiento	Salud	Enfermedades	De los Ojos	Nistagmo									
Vida	Vida y Conocimiento	Salud	Enfermedades	De los Ojos	Ojo seco									
Vida	Vida y Conocimiento	Salud	Enfermedades	De los Ojos	Oncocercosis									
Vida	Vida y Conocimiento	Salud	Enfermedades	De los Ojos	Presbicia									
Vida	Vida y Conocimiento	Salud	Enfermedades	De los Ojos	Retinosis pigmentaria									
Vida	Vida y Conocimiento	Salud	Enfermedades	De los Ojos	Síndrome de Sjögren									
Vida	Vida y Conocimiento	Salud	Enfermedades	De los Ojos	Tracoma									
Vida	Vida y Conocimiento	Salud	Enfermedades	De los Ojos	Uveítis									
Vida	Vida y Conocimiento	Salud	Enfermedades	Transmisión Sexual	Balanitis									
Vida	Vida y Conocimiento	Salud	Enfermedades	Transmisión Sexual	Chancroide									
Vida	Vida y Conocimiento	Salud	Enfermedades	Transmisión Sexual	Clamidia									
Vida	Vida y Conocimiento	Salud	Enfermedades	Transmisión Sexual	Enfermedad inflamatoria pélvica									
Vida	Vida y Conocimiento	Salud	Enfermedades	Transmisión Sexual	Gonorrea									
Vida	Vida y Conocimiento	Salud	Enfermedades	Transmisión Sexual	Herpes									
Vida	Vida y Conocimiento	Salud	Enfermedades	Transmisión Sexual	Ladillas									
Vida	Vida y Conocimiento	Salud	Enfermedades	Transmisión Sexual	Micoplasma genital									
Vida	Vida y Conocimiento	Salud	Enfermedades	Transmisión Sexual	Molusco contagioso									
Vida	Vida y Conocimiento	Salud	Enfermedades	Transmisión Sexual	SIDA									
Vida	Vida y Conocimiento	Salud	Enfermedades	Transmisión Sexual	Sífilis									
Vida	Vida y Conocimiento	Salud	Enfermedades	Transmisión Sexual	Tricomoniasis									
Vida	Vida y Conocimiento	Salud	Enfermedades	Transmisión Sexual	Uretritis									
Vida	Vida y Conocimiento	Salud	Enfermedades	Transmisión Sexual	VPH									
Vida	Vida y Conocimiento	Salud	Enfermedades	Del Riñón	Cáncer de riñón									
Vida	Vida y Conocimiento	Salud	Enfermedades	Del Riñón	Cólico nefrítico									
Vida	Vida y Conocimiento	Salud	Enfermedades	Del Riñón	Diabetes insípida									
Vida	Vida y Conocimiento	Salud	Enfermedades	Del Riñón	Hantavirus									
Vida	Vida y Conocimiento	Salud	Enfermedades	Del Riñón	Insuficiencia renal crónica									
Vida	Vida y Conocimiento	Salud	Enfermedades	Del Riñón	Pielonefritis									
Vida	Vida y Conocimiento	Salud	Enfermedades	Digestivas	Aftas bucales									
Vida	Vida y Conocimiento	Salud	Enfermedades	Digestivas	Alergia									
Vida	Vida y Conocimiento	Salud	Enfermedades	Digestivas	Apendicitis									
Vida	Vida y Conocimiento	Salud	Enfermedades	Digestivas	Ascitis									
Vida	Vida y Conocimiento	Salud	Enfermedades	Digestivas	Campylobacter									
Vida	Vida y Conocimiento	Salud	Enfermedades	Digestivas	Cáncer de colon									
Vida	Vida y Conocimiento	Salud	Enfermedades	Digestivas	Cáncer de esófago									
Vida	Vida y Conocimiento	Salud	Enfermedades	Digestivas	Cáncer de estómago									
Vida	Vida y Conocimiento	Salud	Enfermedades	Digestivas	Cáncer de hígado									
Vida	Vida y Conocimiento	Salud	Enfermedades	Digestivas	Cáncer de páncreas									
Vida	Vida y Conocimiento	Salud	Enfermedades	Digestivas	Cáncer oral									
Vida	Vida y Conocimiento	Salud	Enfermedades	Digestivas	Celiaquía									
Vida	Vida y Conocimiento	Salud	Enfermedades	Digestivas	Cirrosis									
Vida	Vida y Conocimiento	Salud	Enfermedades	Digestivas	Colitis ulcerosa									
Vida	Vida y Conocimiento	Salud	Enfermedades	Digestivas	Colon irritable									
Vida	Vida y Conocimiento	Salud	Enfermedades	Digestivas	Corte de digestión									
Vida	Vida y Conocimiento	Salud	Enfermedades	Digestivas	Dispepsia									
Vida	Vida y Conocimiento	Salud	Enfermedades	Digestivas	Diverticulosis									
Vida	Vida y Conocimiento	Salud	Enfermedades	Digestivas	Enfermedad de Crohn									
Vida	Vida y Conocimiento	Salud	Enfermedades	Digestivas	Esófago de Barrett									
Vida	Vida y Conocimiento	Salud	Enfermedades	Digestivas	Esteatosis hepática									
Vida	Vida y Conocimiento	Salud	Enfermedades	Digestivas	Estreñimiento									
Vida	Vida y Conocimiento	Salud	Enfermedades	Digestivas	Fibrosis quística									
Vida	Vida y Conocimiento	Salud	Enfermedades	Digestivas	Fiebre tifoidea									
Vida	Vida y Conocimiento	Salud	Enfermedades	Digestivas	Fístula anal									
Vida	Vida y Conocimiento	Salud	Enfermedades	Digestivas	Gastritis									
Vida	Vida y Conocimiento	Salud	Enfermedades	Digestivas	Gastroenteritis									
Vida	Vida y Conocimiento	Salud	Enfermedades	Digestivas	Giardiasis									
Vida	Vida y Conocimiento	Salud	Enfermedades	Digestivas	Hemorroides									
Vida	Vida y Conocimiento	Salud	Enfermedades	Digestivas	Hepatitis									
Vida	Vida y Conocimiento	Salud	Enfermedades	Digestivas	Hernia de hiato									
Vida	Vida y Conocimiento	Salud	Enfermedades	Digestivas	Hernia inguinal									
Vida	Vida y Conocimiento	Salud	Enfermedades	Digestivas	Insuficiencia hepática									
Vida	Vida y Conocimiento	Salud	Enfermedades	Digestivas	Intolerancia a la histamina									
Vida	Vida y Conocimiento	Salud	Enfermedades	Digestivas	Litiasis biliar									
Vida	Vida y Conocimiento	Salud	Enfermedades	Digestivas	Pancreatitis									
Vida	Vida y Conocimiento	Salud	Enfermedades	Digestivas	Peritonitis									
Vida	Vida y Conocimiento	Salud	Enfermedades	Digestivas	Reflujo gastroesofágico									
Vida	Vida y Conocimiento	Salud	Enfermedades	Digestivas	Shigelosis									
Vida	Vida y Conocimiento	Salud	Enfermedades	Digestivas	SIBO									
Vida	Vida y Conocimiento	Salud	Enfermedades	Digestivas	Teniasis									
Vida	Vida y Conocimiento	Salud	Enfermedades	Digestivas	Úlcera									
Vida	Vida y Conocimiento	Salud	Enfermedades	Endocrinas	Bocio									
Vida	Vida y Conocimiento	Salud	Enfermedades	Endocrinas	Déficit de la hormona del crecimiento									
Vida	Vida y Conocimiento	Salud	Enfermedades	Endocrinas	Diabetes									
Vida	Vida y Conocimiento	Salud	Enfermedades	Endocrinas	Diabetes gestacional									
Vida	Vida y Conocimiento	Salud	Enfermedades	Endocrinas	Diabetes insípida									
Vida	Vida y Conocimiento	Salud	Enfermedades	Endocrinas	Enfermedad de Addison									
Vida	Vida y Conocimiento	Salud	Enfermedades	Endocrinas	Esteatosis hepática									
Vida	Vida y Conocimiento	Salud	Enfermedades	Endocrinas	Fenilcetonuria									
Vida	Vida y Conocimiento	Salud	Enfermedades	Endocrinas	Galactosemia									
Vida	Vida y Conocimiento	Salud	Enfermedades	Endocrinas	Hipercolesterolemia									
Vida	Vida y Conocimiento	Salud	Enfermedades	Endocrinas	Hipertiroidismo									
Vida	Vida y Conocimiento	Salud	Enfermedades	Endocrinas	Hipocalcemia									
Vida	Vida y Conocimiento	Salud	Enfermedades	Endocrinas	Hipoglucemia									
Vida	Vida y Conocimiento	Salud	Enfermedades	Endocrinas	Hipogonadismo									
Vida	Vida y Conocimiento	Salud	Enfermedades	Endocrinas	Hipotiroidismo									
Vida	Vida y Conocimiento	Salud	Enfermedades	Endocrinas	Hirsutismo									
Vida	Vida y Conocimiento	Salud	Enfermedades	Endocrinas	Lipodistrofia									
Vida	Vida y Conocimiento	Salud	Enfermedades	Endocrinas	Obesidad									
Vida	Vida y Conocimiento	Salud	Enfermedades	Endocrinas	Obesidad infantil									
Vida	Vida y Conocimiento	Salud	Enfermedades	Endocrinas	Osteoporosis									
Vida	Vida y Conocimiento	Salud	Enfermedades	Endocrinas	Prediabetes									
Vida	Vida y Conocimiento	Salud	Enfermedades	Endocrinas	Resistencia a la insulina									
Vida	Vida y Conocimiento	Salud	Enfermedades	Endocrinas	Síndrome de Cushing									
Vida	Vida y Conocimiento	Salud	Enfermedades	Endocrinas	Síndrome metabólico									
Vida	Vida y Conocimiento	Salud	Enfermedades	Genéticas	Albinismo									
Vida	Vida y Conocimiento	Salud	Enfermedades	Genéticas	Ataxia									
Vida	Vida y Conocimiento	Salud	Enfermedades	Genéticas	Daltonismo									
Vida	Vida y Conocimiento	Salud	Enfermedades	Genéticas	Distrofia muscular de Duchenne									
Vida	Vida y Conocimiento	Salud	Enfermedades	Genéticas	Enfermedad de Huntington									
Vida	Vida y Conocimiento	Salud	Enfermedades	Genéticas	Enfermedad de Wilson									
Vida	Vida y Conocimiento	Salud	Enfermedades	Genéticas	Fenilcetonuria									
Vida	Vida y Conocimiento	Salud	Enfermedades	Genéticas	Fibrosis quística									
Vida	Vida y Conocimiento	Salud	Enfermedades	Genéticas	Galactosemia									
Vida	Vida y Conocimiento	Salud	Enfermedades	Genéticas	Hemocromatosis									
Vida	Vida y Conocimiento	Salud	Enfermedades	Genéticas	Hemofilia									
Vida	Vida y Conocimiento	Salud	Enfermedades	Genéticas	Neurofibromatosis									
Vida	Vida y Conocimiento	Salud	Enfermedades	Genéticas	Retinosis pigmentaria									
Vida	Vida y Conocimiento	Salud	Enfermedades	Genéticas	Síndrome de Angelman									
Vida	Vida y Conocimiento	Salud	Enfermedades	Genéticas	Síndrome de Down									
Vida	Vida y Conocimiento	Salud	Enfermedades	Genéticas	Síndrome de Klinefelter									
Vida	Vida y Conocimiento	Salud	Enfermedades	Genéticas	Síndrome de Lynch									
Vida	Vida y Conocimiento	Salud	Enfermedades	Genéticas	Síndrome de Marfan									
Vida	Vida y Conocimiento	Salud	Enfermedades	Genéticas	Síndrome de Noonan									
Vida	Vida y Conocimiento	Salud	Enfermedades	Genéticas	Síndrome de Patau									
Vida	Vida y Conocimiento	Salud	Enfermedades	Genéticas	Síndrome de Rett									
Vida	Vida y Conocimiento	Salud	Enfermedades	Genéticas	Síndrome de Sanfilippo									
Vida	Vida y Conocimiento	Salud	Enfermedades	Genéticas	Síndrome de Turner									
Vida	Vida y Conocimiento	Salud	Enfermedades	Genéticas	Síndrome de Williams									
Vida	Vida y Conocimiento	Salud	Enfermedades	Genéticas	Síndrome de X Frágil									
Vida	Vida y Conocimiento	Salud	Enfermedades	Infecciosas	Anisakiasis									
Vida	Vida y Conocimiento	Salud	Enfermedades	Infecciosas	Balanitis									
Vida	Vida y Conocimiento	Salud	Enfermedades	Infecciosas	Botulismo									
Vida	Vida y Conocimiento	Salud	Enfermedades	Infecciosas	Brucelosis									
Vida	Vida y Conocimiento	Salud	Enfermedades	Infecciosas	Campylobacter									
Vida	Vida y Conocimiento	Salud	Enfermedades	Infecciosas	Candidiasis									
Vida	Vida y Conocimiento	Salud	Enfermedades	Infecciosas	Carbunco									
Vida	Vida y Conocimiento	Salud	Enfermedades	Infecciosas	Catarro									
Vida	Vida y Conocimiento	Salud	Enfermedades	Infecciosas	Chancroide									
Vida	Vida y Conocimiento	Salud	Enfermedades	Infecciosas	Chikungunya									
Vida	Vida y Conocimiento	Salud	Enfermedades	Infecciosas	Cistitis									
Vida	Vida y Conocimiento	Salud	Enfermedades	Infecciosas	Citomegalovirus									
Vida	Vida y Conocimiento	Salud	Enfermedades	Infecciosas	Clamidia									
Vida	Vida y Conocimiento	Salud	Enfermedades	Infecciosas	Cólera									
Vida	Vida y Conocimiento	Salud	Enfermedades	Infecciosas	Dengue									
Vida	Vida y Conocimiento	Salud	Enfermedades	Infecciosas	Difteria									
Vida	Vida y Conocimiento	Salud	Enfermedades	Infecciosas	Ébola									
Vida	Vida y Conocimiento	Salud	Enfermedades	Infecciosas	Elefantiasis									
Vida	Vida y Conocimiento	Salud	Enfermedades	Infecciosas	Encefalitis									
Vida	Vida y Conocimiento	Salud	Enfermedades	Infecciosas	Endocarditis									
Vida	Vida y Conocimiento	Salud	Enfermedades	Infecciosas	Enfermedad de Chagas									
Vida	Vida y Conocimiento	Salud	Enfermedades	Infecciosas	Enfermedad de Lyme									
Vida	Vida y Conocimiento	Salud	Enfermedades	Infecciosas	Faringitis									
Vida	Vida y Conocimiento	Salud	Enfermedades	Infecciosas	Fiebre amarilla									
Vida	Vida y Conocimiento	Salud	Enfermedades	Infecciosas	Fiebre de Lassa									
Vida	Vida y Conocimiento	Salud	Enfermedades	Infecciosas	Fiebre de Oropouche									
Vida	Vida y Conocimiento	Salud	Enfermedades	Infecciosas	Fiebre del valle del Rift									
Vida	Vida y Conocimiento	Salud	Enfermedades	Infecciosas	Fiebre hemorrágica de Crimea-Congo									
Vida	Vida y Conocimiento	Salud	Enfermedades	Infecciosas	Fiebre tifoidea									
Vida	Vida y Conocimiento	Salud	Enfermedades	Infecciosas	Giardiasis									
Vida	Vida y Conocimiento	Salud	Enfermedades	Infecciosas	Gonorrea									
Vida	Vida y Conocimiento	Salud	Enfermedades	Infecciosas	Gripe									
Vida	Vida y Conocimiento	Salud	Enfermedades	Infecciosas	Hantavirus									
Vida	Vida y Conocimiento	Salud	Enfermedades	Infecciosas	Hepatitis									
Vida	Vida y Conocimiento	Salud	Enfermedades	Infecciosas	Herpes									
Vida	Vida y Conocimiento	Salud	Enfermedades	Infecciosas	Herpes zóster									
Vida	Vida y Conocimiento	Salud	Enfermedades	Infecciosas	Hidatidosis									
Vida	Vida y Conocimiento	Salud	Enfermedades	Infecciosas	Impétigo									
Vida	Vida y Conocimiento	Salud	Enfermedades	Infecciosas	Infecciones urinarias									
Vida	Vida y Conocimiento	Salud	Enfermedades	Infecciosas	Insuficiencia hepática									
Vida	Vida y Conocimiento	Salud	Enfermedades	Infecciosas	Ladillas									
Vida	Vida y Conocimiento	Salud	Enfermedades	Infecciosas	Legionella									
Vida	Vida y Conocimiento	Salud	Enfermedades	Infecciosas	Leishmaniasis									
Vida	Vida y Conocimiento	Salud	Enfermedades	Infecciosas	Lepra									
Vida	Vida y Conocimiento	Salud	Enfermedades	Infecciosas	Leptospirosis									
Vida	Vida y Conocimiento	Salud	Enfermedades	Infecciosas	Listeriosis									
Vida	Vida y Conocimiento	Salud	Enfermedades	Infecciosas	Malaria									
Vida	Vida y Conocimiento	Salud	Enfermedades	Infecciosas	Melioidosis									
Vida	Vida y Conocimiento	Salud	Enfermedades	Infecciosas	Meningitis									
Vida	Vida y Conocimiento	Salud	Enfermedades	Infecciosas	MERS									
Vida	Vida y Conocimiento	Salud	Enfermedades	Infecciosas	Micoplasma genital									
Vida	Vida y Conocimiento	Salud	Enfermedades	Infecciosas	Microcefalia									
Vida	Vida y Conocimiento	Salud	Enfermedades	Infecciosas	Molusco contagioso									
Vida	Vida y Conocimiento	Salud	Enfermedades	Infecciosas	Mononucleosis									
Vida	Vida y Conocimiento	Salud	Enfermedades	Infecciosas	Mordeduras de animales									
Vida	Vida y Conocimiento	Salud	Enfermedades	Infecciosas	Neumonía									
Vida	Vida y Conocimiento	Salud	Enfermedades	Infecciosas	Norovirus									
Vida	Vida y Conocimiento	Salud	Enfermedades	Infecciosas	Oncocercosis									
Vida	Vida y Conocimiento	Salud	Enfermedades	Infecciosas	Onicomicosis									
Vida	Vida y Conocimiento	Salud	Enfermedades	Infecciosas	Osteomielitis									
Vida	Vida y Conocimiento	Salud	Enfermedades	Infecciosas	Otitis									
Vida	Vida y Conocimiento	Salud	Enfermedades	Infecciosas	Paperas									
Vida	Vida y Conocimiento	Salud	Enfermedades	Infecciosas	Peste									
Vida	Vida y Conocimiento	Salud	Enfermedades	Infecciosas	Pian									
Vida	Vida y Conocimiento	Salud	Enfermedades	Infecciosas	Pie de atleta									
Vida	Vida y Conocimiento	Salud	Enfermedades	Infecciosas	Pielonefritis									
Vida	Vida y Conocimiento	Salud	Enfermedades	Infecciosas	Poliomielitis									
Vida	Vida y Conocimiento	Salud	Enfermedades	Infecciosas	Prostatitis									
Vida	Vida y Conocimiento	Salud	Enfermedades	Infecciosas	Rabia									
Vida	Vida y Conocimiento	Salud	Enfermedades	Infecciosas	Rinitis									
Vida	Vida y Conocimiento	Salud	Enfermedades	Infecciosas	Rubéola									
Vida	Vida y Conocimiento	Salud	Enfermedades	Infecciosas	Salmonelosis									
Vida	Vida y Conocimiento	Salud	Enfermedades	Infecciosas	Sarampión									
Vida	Vida y Conocimiento	Salud	Enfermedades	Infecciosas	Sarcoma de tejidos blandos									
Vida	Vida y Conocimiento	Salud	Enfermedades	Infecciosas	Sarna									
Vida	Vida y Conocimiento	Salud	Enfermedades	Infecciosas	Sepsis									
Vida	Vida y Conocimiento	Salud	Enfermedades	Infecciosas	Shigelosis									
Vida	Vida y Conocimiento	Salud	Enfermedades	Infecciosas	SIDA									
Vida	Vida y Conocimiento	Salud	Enfermedades	Infecciosas	Sinusitis									
Vida	Vida y Conocimiento	Salud	Enfermedades	Infecciosas	Teniasis									
Vida	Vida y Conocimiento	Salud	Enfermedades	Infecciosas	Tétanos									
Vida	Vida y Conocimiento	Salud	Enfermedades	Infecciosas	Tos ferina									
Vida	Vida y Conocimiento	Salud	Enfermedades	Infecciosas	Toxoplasmosis									
Vida	Vida y Conocimiento	Salud	Enfermedades	Infecciosas	Tracoma									
Vida	Vida y Conocimiento	Salud	Enfermedades	Infecciosas	Traqueítis									
Vida	Vida y Conocimiento	Salud	Enfermedades	Infecciosas	Tricomoniasis									
Vida	Vida y Conocimiento	Salud	Enfermedades	Infecciosas	Tripanosomiasis africana									
Vida	Vida y Conocimiento	Salud	Enfermedades	Infecciosas	Tuberculosis									
Vida	Vida y Conocimiento	Salud	Enfermedades	Infecciosas	Tularemia									
Vida	Vida y Conocimiento	Salud	Enfermedades	Infecciosas	Uretritis									
Vida	Vida y Conocimiento	Salud	Enfermedades	Infecciosas	Uveítis									
Vida	Vida y Conocimiento	Salud	Enfermedades	Infecciosas	Vaginitis									
Vida	Vida y Conocimiento	Salud	Enfermedades	Infecciosas	Vaginosis bacteriana									
Vida	Vida y Conocimiento	Salud	Enfermedades	Infecciosas	Varicela									
Vida	Vida y Conocimiento	Salud	Enfermedades	Infecciosas	Virus del Nilo Occidental									
Vida	Vida y Conocimiento	Salud	Enfermedades	Infecciosas	Virus Mayaro									
Vida	Vida y Conocimiento	Salud	Enfermedades	Infecciosas	Virus Nipah									
Vida	Vida y Conocimiento	Salud	Enfermedades	Infecciosas	Virus Usutu									
Vida	Vida y Conocimiento	Salud	Enfermedades	Infecciosas	Virus Zika									
Vida	Vida y Conocimiento	Salud	Enfermedades	Infecciosas	VPH									
Vida	Vida y Conocimiento	Salud	Enfermedades	Mentales	Alcoholismo									
Vida	Vida y Conocimiento	Salud	Enfermedades	Mentales	Anorexia									
Vida	Vida y Conocimiento	Salud	Enfermedades	Mentales	Ansiedad									
Vida	Vida y Conocimiento	Salud	Enfermedades	Mentales	Autismo									
Vida	Vida y Conocimiento	Salud	Enfermedades	Mentales	Bulimia									
Vida	Vida y Conocimiento	Salud	Enfermedades	Mentales	Crisis de pánico									
Vida	Vida y Conocimiento	Salud	Enfermedades	Mentales	Depresión									
Vida	Vida y Conocimiento	Salud	Enfermedades	Mentales	Deterioro cognitivo leve									
Vida	Vida y Conocimiento	Salud	Enfermedades	Mentales	Esquizofrenia									
Vida	Vida y Conocimiento	Salud	Enfermedades	Mentales	Fibromialgia									
Vida	Vida y Conocimiento	Salud	Enfermedades	Mentales	Hiperactividad (TDAH)									
Vida	Vida y Conocimiento	Salud	Enfermedades	Mentales	Narcolepsia									
Vida	Vida y Conocimiento	Salud	Enfermedades	Mentales	Parálisis cerebral									
Vida	Vida y Conocimiento	Salud	Enfermedades	Mentales	Síndrome de Tourette									
Vida	Vida y Conocimiento	Salud	Enfermedades	Mentales	Trastorno bipolar									
Vida	Vida y Conocimiento	Salud	Enfermedades	Mentales	Trastorno obsesivo compulsivo									
Vida	Vida y Conocimiento	Salud	Enfermedades	Neurológicas	Alzhéimer									
Vida	Vida y Conocimiento	Salud	Enfermedades	Neurológicas	Ataxia									
Vida	Vida y Conocimiento	Salud	Enfermedades	Neurológicas	Bruxismo									
Vida	Vida y Conocimiento	Salud	Enfermedades	Neurológicas	Demencia									
Vida	Vida y Conocimiento	Salud	Enfermedades	Neurológicas	Demencia con cuerpos de Lewy									
Vida	Vida y Conocimiento	Salud	Enfermedades	Neurológicas	Demencia vascular									
Vida	Vida y Conocimiento	Salud	Enfermedades	Neurológicas	Dislexia									
Vida	Vida y Conocimiento	Salud	Enfermedades	Neurológicas	Distonía									
Vida	Vida y Conocimiento	Salud	Enfermedades	Neurológicas	Distrofia muscular de Duchenne									
Vida	Vida y Conocimiento	Salud	Enfermedades	Neurológicas	Encefalitis									
Vida	Vida y Conocimiento	Salud	Enfermedades	Neurológicas	Enfermedad de Huntington									
Vida	Vida y Conocimiento	Salud	Enfermedades	Neurológicas	Epilepsia									
Vida	Vida y Conocimiento	Salud	Enfermedades	Neurológicas	Esclerosis lateral amiotrófica									
Vida	Vida y Conocimiento	Salud	Enfermedades	Neurológicas	Esclerosis múltiple									
Vida	Vida y Conocimiento	Salud	Enfermedades	Neurológicas	Hipoacusia									
Vida	Vida y Conocimiento	Salud	Enfermedades	Neurológicas	Ictus									
Vida	Vida y Conocimiento	Salud	Enfermedades	Neurológicas	Insomnio									
Vida	Vida y Conocimiento	Salud	Enfermedades	Neurológicas	Insomnio familiar fatal									
Vida	Vida y Conocimiento	Salud	Enfermedades	Neurológicas	Meningitis									
Vida	Vida y Conocimiento	Salud	Enfermedades	Neurológicas	Miastenia gravis									
Vida	Vida y Conocimiento	Salud	Enfermedades	Neurológicas	Migraña									
Vida	Vida y Conocimiento	Salud	Enfermedades	Neurológicas	Neuralgia del trigémino									
Vida	Vida y Conocimiento	Salud	Enfermedades	Neurológicas	Neurofibromatosis									
Vida	Vida y Conocimiento	Salud	Enfermedades	Neurológicas	Parálisis cerebral									
Vida	Vida y Conocimiento	Salud	Enfermedades	Neurológicas	Párkinson									
Vida	Vida y Conocimiento	Salud	Enfermedades	Neurológicas	Poliomielitis									
Vida	Vida y Conocimiento	Salud	Enfermedades	Neurológicas	Síndrome de Angelman									
Vida	Vida y Conocimiento	Salud	Enfermedades	Neurológicas	Síndrome de fatiga crónica									
Vida	Vida y Conocimiento	Salud	Enfermedades	Neurológicas	Síndrome de Guillain-Barré									
Vida	Vida y Conocimiento	Salud	Enfermedades	Neurológicas	Síndrome de piernas inquietas									
Vida	Vida y Conocimiento	Salud	Enfermedades	Neurológicas	Síndrome de Reye									
Vida	Vida y Conocimiento	Salud	Enfermedades	Neurológicas	Síndrome de Tourette									
Vida	Vida y Conocimiento	Salud	Enfermedades	Neurológicas	Síndrome del túnel carpiano									
Vida	Vida y Conocimiento	Salud	Enfermedades	Neurológicas	Siringomielia									
Vida	Vida y Conocimiento	Salud	Enfermedades	Neurológicas	Traumatismo craneal									
Vida	Vida y Conocimiento	Salud	Enfermedades	Neurológicas	Tumores cerebrales									
Vida	Vida y Conocimiento	Salud	Enfermedades	Neurológicas	Vértigo									
Vida	Vida y Conocimiento	Salud	Enfermedades	Osteomusculares	Artrosis									
Vida	Vida y Conocimiento	Salud	Enfermedades	Osteomusculares	Cáncer óseo									
Vida	Vida y Conocimiento	Salud	Enfermedades	Osteomusculares	Ciática									
Vida	Vida y Conocimiento	Salud	Enfermedades	Osteomusculares	Contusiones									
Vida	Vida y Conocimiento	Salud	Enfermedades	Osteomusculares	Distrofia muscular de Duchenne									
Vida	Vida y Conocimiento	Salud	Enfermedades	Osteomusculares	Enfermedad de Paget									
Vida	Vida y Conocimiento	Salud	Enfermedades	Osteomusculares	Escoliosis									
Vida	Vida y Conocimiento	Salud	Enfermedades	Osteomusculares	Fascitis plantar									
Vida	Vida y Conocimiento	Salud	Enfermedades	Osteomusculares	Fractura de dedo									
Vida	Vida y Conocimiento	Salud	Enfermedades	Osteomusculares	Fractura nasal									
Vida	Vida y Conocimiento	Salud	Enfermedades	Osteomusculares	Hernia discal									
Vida	Vida y Conocimiento	Salud	Enfermedades	Osteomusculares	Lesiones maxilares									
Vida	Vida y Conocimiento	Salud	Enfermedades	Osteomusculares	Lumbalgia									
Vida	Vida y Conocimiento	Salud	Enfermedades	Osteomusculares	Luxaciones									
Vida	Vida y Conocimiento	Salud	Enfermedades	Osteomusculares	Osteomalacia									
Vida	Vida y Conocimiento	Salud	Enfermedades	Osteomusculares	Osteomielitis									
Vida	Vida y Conocimiento	Salud	Enfermedades	Osteomusculares	Osteonecrosis									
Vida	Vida y Conocimiento	Salud	Enfermedades	Osteomusculares	Osteoporosis									
Vida	Vida y Conocimiento	Salud	Enfermedades	Osteomusculares	Rizartrosis									
Vida	Vida y Conocimiento	Salud	Enfermedades	Osteomusculares	Tendinitis									
Vida	Vida y Conocimiento	Salud	Enfermedades	Osteomusculares	Tortícolis									
Vida	Vida y Conocimiento	Salud	Enfermedades	Pediátricas	Accidentes en el agua									
Vida	Vida y Conocimiento	Salud	Enfermedades	Pediátricas	Asma									
Vida	Vida y Conocimiento	Salud	Enfermedades	Pediátricas	Autismo									
Vida	Vida y Conocimiento	Salud	Enfermedades	Pediátricas	Cuerpos extraños									
Vida	Vida y Conocimiento	Salud	Enfermedades	Pediátricas	Déficit de la hormona del crecimiento									
Vida	Vida y Conocimiento	Salud	Enfermedades	Pediátricas	Difteria									
Vida	Vida y Conocimiento	Salud	Enfermedades	Pediátricas	Encefalitis									
Vida	Vida y Conocimiento	Salud	Enfermedades	Pediátricas	Enfermedad de Kawasaki									
Vida	Vida y Conocimiento	Salud	Enfermedades	Pediátricas	Escoliosis									
Vida	Vida y Conocimiento	Salud	Enfermedades	Pediátricas	Galactosemia									
Vida	Vida y Conocimiento	Salud	Enfermedades	Pediátricas	Gastroenteritis									
Vida	Vida y Conocimiento	Salud	Enfermedades	Pediátricas	Hiperactividad (TDAH)									
Vida	Vida y Conocimiento	Salud	Enfermedades	Pediátricas	Hipoacusia									
Vida	Vida y Conocimiento	Salud	Enfermedades	Pediátricas	Impétigo									
Vida	Vida y Conocimiento	Salud	Enfermedades	Pediátricas	Meningitis									
Vida	Vida y Conocimiento	Salud	Enfermedades	Pediátricas	Microcefalia									
Vida	Vida y Conocimiento	Salud	Enfermedades	Pediátricas	Norovirus									
Vida	Vida y Conocimiento	Salud	Enfermedades	Pediátricas	Obesidad infantil									
Vida	Vida y Conocimiento	Salud	Enfermedades	Pediátricas	Otitis									
Vida	Vida y Conocimiento	Salud	Enfermedades	Pediátricas	Poliomielitis									
Vida	Vida y Conocimiento	Salud	Enfermedades	Pediátricas	Rubéola									
Vida	Vida y Conocimiento	Salud	Enfermedades	Pediátricas	Sarampión									
Vida	Vida y Conocimiento	Salud	Enfermedades	Pediátricas	Síndrome de Reye									
Vida	Vida y Conocimiento	Salud	Enfermedades	Pediátricas	Síndrome de Sanfilippo									
Vida	Vida y Conocimiento	Salud	Enfermedades	Pediátricas	Tos ferina									
Vida	Vida y Conocimiento	Salud	Enfermedades	Pediátricas	Varicela									
Vida	Vida y Conocimiento	Salud	Enfermedades	Respiratorias	Alergia									
Vida	Vida y Conocimiento	Salud	Enfermedades	Respiratorias	Apnea del sueño									
Vida	Vida y Conocimiento	Salud	Enfermedades	Respiratorias	Asma									
Vida	Vida y Conocimiento	Salud	Enfermedades	Respiratorias	Atragantamiento									
Vida	Vida y Conocimiento	Salud	Enfermedades	Respiratorias	Bronquiectasias									
Vida	Vida y Conocimiento	Salud	Enfermedades	Respiratorias	Bronquiolitis obliterante									
Vida	Vida y Conocimiento	Salud	Enfermedades	Respiratorias	Bronquitis									
Vida	Vida y Conocimiento	Salud	Enfermedades	Respiratorias	Catarro									
Vida	Vida y Conocimiento	Salud	Enfermedades	Respiratorias	Congestión nasal									
Vida	Vida y Conocimiento	Salud	Enfermedades	Respiratorias	Edema pulmonar									
Vida	Vida y Conocimiento	Salud	Enfermedades	Respiratorias	EPOC									
Vida	Vida y Conocimiento	Salud	Enfermedades	Respiratorias	Faringitis									
Vida	Vida y Conocimiento	Salud	Enfermedades	Respiratorias	Fibrosis quística									
Vida	Vida y Conocimiento	Salud	Enfermedades	Respiratorias	Gripe									
Vida	Vida y Conocimiento	Salud	Enfermedades	Respiratorias	Hantavirus									
Vida	Vida y Conocimiento	Salud	Enfermedades	Respiratorias	Laringitis									
Vida	Vida y Conocimiento	Salud	Enfermedades	Respiratorias	Legionella									
Vida	Vida y Conocimiento	Salud	Enfermedades	Respiratorias	Mal agudo de montaña									
Vida	Vida y Conocimiento	Salud	Enfermedades	Respiratorias	MERS									
Vida	Vida y Conocimiento	Salud	Enfermedades	Respiratorias	Neumonía									
Vida	Vida y Conocimiento	Salud	Enfermedades	Respiratorias	Neumotórax									
Vida	Vida y Conocimiento	Salud	Enfermedades	Respiratorias	Rinitis									
Vida	Vida y Conocimiento	Salud	Enfermedades	Respiratorias	Sinusitis									
Vida	Vida y Conocimiento	Salud	Enfermedades	Respiratorias	Tos ferina									
Vida	Vida y Conocimiento	Salud	Enfermedades	Respiratorias	Traqueítis									
Vida	Vida y Conocimiento	Salud	Enfermedades	Respiratorias	Tromboembolismo pulmonar									
Vida	Vida y Conocimiento	Salud	Enfermedades	Reumáticas	Artritis reumatoide									
Vida	Vida y Conocimiento	Salud	Enfermedades	Reumáticas	Artrosis									
Vida	Vida y Conocimiento	Salud	Enfermedades	Reumáticas	Enfermedad de Behçet									
Vida	Vida y Conocimiento	Salud	Enfermedades	Reumáticas	Espondilitis anquilosante									
Vida	Vida y Conocimiento	Salud	Enfermedades	Reumáticas	Fibromialgia									
Vida	Vida y Conocimiento	Salud	Enfermedades	Reumáticas	Gota									
Vida	Vida y Conocimiento	Salud	Enfermedades	Reumáticas	Juanetes									
Vida	Vida y Conocimiento	Salud	Enfermedades	Reumáticas	Lumbalgia									
Vida	Vida y Conocimiento	Salud	Enfermedades	Reumáticas	Lupus									
Vida	Vida y Conocimiento	Salud	Enfermedades	Reumáticas	Osteoporosis									
Vida	Vida y Conocimiento	Salud	Enfermedades	Reumáticas	Rizartrosis									
Vida	Vida y Conocimiento	Salud	Enfermedades	Reumáticas	Sarcoidosis									
Vida	Vida y Conocimiento	Salud	Enfermedades	Reumáticas	Síndrome del túnel carpiano									
Vida	Vida y Conocimiento	Salud	Enfermedades	Urológicas	Balanitis									
Vida	Vida y Conocimiento	Salud	Enfermedades	Urológicas	Cáncer de próstata									
Vida	Vida y Conocimiento	Salud	Enfermedades	Urológicas	Cáncer de vejiga									
Vida	Vida y Conocimiento	Salud	Enfermedades	Urológicas	Chancroide									
Vida	Vida y Conocimiento	Salud	Enfermedades	Urológicas	Cistitis									
Vida	Vida y Conocimiento	Salud	Enfermedades	Urológicas	Cólico nefrítico									
Vida	Vida y Conocimiento	Salud	Enfermedades	Urológicas	Disfunción eréctil									
Vida	Vida y Conocimiento	Salud	Enfermedades	Urológicas	Enfermedad de La Peyronie									
Vida	Vida y Conocimiento	Salud	Enfermedades	Urológicas	Eyaculación precoz									
Vida	Vida y Conocimiento	Salud	Enfermedades	Urológicas	Hiperplasia benigna de próstata									
Vida	Vida y Conocimiento	Salud	Enfermedades	Urológicas	Infecciones urinarias									
Vida	Vida y Conocimiento	Salud	Enfermedades	Urológicas	Litiasis biliar									
Vida	Vida y Conocimiento	Salud	Enfermedades	Urológicas	Micoplasma genital									
Vida	Vida y Conocimiento	Salud	Enfermedades	Urológicas	Orquitis									
Vida	Vida y Conocimiento	Salud	Enfermedades	Urológicas	Pielonefritis									
Vida	Vida y Conocimiento	Salud	Enfermedades	Urológicas	Priapismo									
Vida	Vida y Conocimiento	Salud	Enfermedades	Urológicas	Prostatitis									
Vida	Vida y Conocimiento	Salud	Enfermedades	Urológicas	Uretritis									
Vida	Vida y Conocimiento	Salud	Enfermedades	Urológicas	Varicocele									
Vida	Vida y Conocimiento	Salud	Enfermedades	Embarazo	Citomegalovirus									
Vida	Vida y Conocimiento	Salud	Enfermedades	Embarazo	Diabetes gestacional									
Vida	Vida y Conocimiento	Salud	Enfermedades	Embarazo	Listeriosis									
Vida	Vida y Conocimiento	Salud	Enfermedades	Embarazo	Miomatosis uterina									
Vida	Vida y Conocimiento	Salud	Enfermedades	Embarazo	Rubéola									
Vida	Vida y Conocimiento	Salud	Enfermedades	Embarazo	Toxoplasmosis									
Vida	Vida y Conocimiento	Salud	Enfermedades	Embarazo	Virus Zika									
Vida	Vida y Conocimiento	Salud	Enfermedades	Oido	Colesteatoma									
Vida	Vida y Conocimiento	Salud	Enfermedades	Oido	Hipoacusia									
Vida	Vida y Conocimiento	Salud	Enfermedades	Oido	Otitis									
Vida	Vida y Conocimiento	Salud	Enfermedades	Oido	Presbiacusia									
Vida	Vida y Conocimiento	Salud	Enfermedades	Oido	Tinnitus									
Vida	Vida y Conocimiento	Salud	Enfermedades	Oido	Vértigo									
Vida	Vida y Conocimiento	Salud	Enfermedades	Cancer	Cáncer de cabeza y cuello									
Vida	Vida y Conocimiento	Salud	Enfermedades	Cancer	Cáncer de colon									
Vida	Vida y Conocimiento	Salud	Enfermedades	Cancer	Cáncer de cuello de útero									
Vida	Vida y Conocimiento	Salud	Enfermedades	Cancer	Cáncer de esófago									
Vida	Vida y Conocimiento	Salud	Enfermedades	Cancer	Cáncer de estómago									
Vida	Vida y Conocimiento	Salud	Enfermedades	Cancer	Cáncer de hígado									
Vida	Vida y Conocimiento	Salud	Enfermedades	Cancer	Cáncer de laringe									
Vida	Vida y Conocimiento	Salud	Enfermedades	Cancer	Cáncer de mama									
Vida	Vida y Conocimiento	Salud	Enfermedades	Cancer	Cáncer de ovario									
Vida	Vida y Conocimiento	Salud	Enfermedades	Cancer	Cáncer de páncreas									
Vida	Vida y Conocimiento	Salud	Enfermedades	Cancer	Cáncer de pene									
Vida	Vida y Conocimiento	Salud	Enfermedades	Cancer	Cáncer de piel									
Vida	Vida y Conocimiento	Salud	Enfermedades	Cancer	Cáncer de próstata									
Vida	Vida y Conocimiento	Salud	Enfermedades	Cancer	Cáncer de pulmón									
Vida	Vida y Conocimiento	Salud	Enfermedades	Cancer	Cáncer de riñón									
Vida	Vida y Conocimiento	Salud	Enfermedades	Cancer	Cáncer de testículo									
Vida	Vida y Conocimiento	Salud	Enfermedades	Cancer	Cáncer de tiroides									
Vida	Vida y Conocimiento	Salud	Enfermedades	Cancer	Cáncer de vejiga									
Vida	Vida y Conocimiento	Salud	Enfermedades	Cancer	Cáncer oral									
Vida	Vida y Conocimiento	Salud	Enfermedades	Cancer	Cáncer óseo									
Vida	Vida y Conocimiento	Salud	Enfermedades	Cancer	Leucemia									
Vida	Vida y Conocimiento	Salud	Enfermedades	Cancer	Melanoma									
Vida	Vida y Conocimiento	Salud	Enfermedades	Cancer	Mesotelioma									
Vida	Vida y Conocimiento	Salud	Enfermedades	Cancer	Mieloma múltiple									
Vida	Vida y Conocimiento	Salud	Enfermedades	Cancer	Sarcoma de tejidos blandos									
Vida	Vida y Conocimiento	Salud	Enfermedades	Cancer	Tumores cerebrales									
Vida	Vida y Conocimiento	Salud	Medicina Alternativa											
Vida	Vida y Conocimiento	Luchas	Adicciones, Dependencias	Alcoholismo, Alcohólico, Alcohólica, Mamado, Mamada, Alcohol, Borrachera, Borracho, Borracha, Embriaguez, Embriagado, Embriagada, Bebedor, Bebedora										
Vida	Vida y Conocimiento	Luchas	Adicciones, Dependencias	Tabaquismo, Tabaco, Nicotina, Fumador, Fumadora, cigarro, cigarrillo, puro, pitillo, faso, habano										
Vida	Vida y Conocimiento	Luchas	Adicciones, Dependencias	Drogadicción, Drogodependencia, Toxicomanía, Drogadicto, Drogadicta	Cocaína, Cocainómano, Cocainómana									
Vida	Vida y Conocimiento	Luchas	Adicciones, Dependencias	Drogadicción, Drogodependencia, Toxicomanía, Drogadicto, Drogadicta	Metanfetaminas									
Vida	Vida y Conocimiento	Luchas	Adicciones, Dependencias	Drogadicción, Drogodependencia, Toxicomanía, Drogadicto, Drogadicta	Morfina, Morfinómano									
Vida	Vida y Conocimiento	Luchas	Adicciones, Dependencias	Drogadicción, Drogodependencia, Toxicomanía, Drogadicto, Drogadicta	Barbitúricos									
Vida	Vida y Conocimiento	Luchas	Adicciones, Dependencias	Drogadicción, Drogodependencia, Toxicomanía, Drogadicto, Drogadicta	Marihuana, cannabis									
Vida	Vida y Conocimiento	Luchas	Adicciones, Dependencias	Drogadicción, Drogodependencia, Toxicomanía, Drogadicto, Drogadicta	Hachís									
Vida	Vida y Conocimiento	Luchas	Adicciones, Dependencias	Drogadicción, Drogodependencia, Toxicomanía, Drogadicto, Drogadicta	Extasis									
Vida	Vida y Conocimiento	Luchas	Adicciones, Dependencias	Drogadicción, Drogodependencia, Toxicomanía, Drogadicto, Drogadicta	Heroína									
Vida	Vida y Conocimiento	Luchas	Adicciones, Dependencias	Drogadicción, Drogodependencia, Toxicomanía, Drogadicto, Drogadicta	Tranquilizantes									
Vida	Vida y Conocimiento	Luchas	Adicciones, Dependencias	Drogadicción, Drogodependencia, Toxicomanía, Drogadicto, Drogadicta	Anfetaminas									
Vida	Vida y Conocimiento	Luchas	Adicciones, Dependencias	Drogadicción, Drogodependencia, Toxicomanía, Drogadicto, Drogadicta	Lsd									
Vida	Vida y Conocimiento	Luchas	Adicciones, Dependencias	Drogadicción, Drogodependencia, Toxicomanía, Drogadicto, Drogadicta	Drogas sintéticas									
Vida	Vida y Conocimiento	Luchas	Adicciones, Dependencias	Drogadicción, Drogodependencia, Toxicomanía, Drogadicto, Drogadicta	Benzodiacepinas									
Vida	Vida y Conocimiento	Luchas	Adicciones, Dependencias	Drogadicción, Drogodependencia, Toxicomanía, Drogadicto, Drogadicta	Hipnóticos									
Vida	Vida y Conocimiento	Luchas	Adicciones, Dependencias	Drogadicción, Drogodependencia, Toxicomanía, Drogadicto, Drogadicta	Alucinógenos									
Vida	Vida y Conocimiento	Luchas	Adicciones, Dependencias	Drogadicción, Drogodependencia, Toxicomanía, Drogadicto, Drogadicta	Cafeína, Café									
Vida	Vida y Conocimiento	Luchas	Adicciones, Dependencias	Ludopatía, Ludópata, Juego										
Vida	Vida y Conocimiento	Luchas	Adicciones, Dependencias	Trabajo, Laburo, Labor, Ocupación, Oficio, Chamba										
Vida	Vida y Conocimiento	Luchas	Adicciones, Dependencias	Compras, Comprar, Gastar 										
Vida	Vida y Conocimiento	Luchas	Violencia, Maltrato	De Género										
Vida	Vida y Conocimiento	Luchas	Violencia, Maltrato	Bullying, Acoso, Intimidación										
Vida	Vida y Conocimiento	Luchas	Violencia, Maltrato	Sexual, Carnal										
Vida	Vida y Conocimiento	Luchas	Violencia, Maltrato	Económica, Comercial, Dinero, Plata										
Vida	Vida y Conocimiento	Luchas	Violencia, Maltrato	Verbal, Oral, Palabra										
Vida	Vida y Conocimiento	Luchas	Violencia, Maltrato	Física, Corporal										
Vida	Vida y Conocimiento	Luchas	Violencia, Maltrato	Psicológica, Psíquica, Psique, Mental										
Vida	Vida y Conocimiento	Luchas	Violencia, Maltrato	Familiar, Fliar, Parental										
Vida	Vida y Conocimiento	Luchas	Violencia, Maltrato	Social, Colectiva, Comunitaria										
Vida	Vida y Conocimiento	Luchas	Discriminación, Marginación, Exclusión	Laboral, Trabajo, Profesional										
Vida	Vida y Conocimiento	Luchas	Discriminación, Marginación, Exclusión	Racial, Etnico										
Vida	Vida y Conocimiento	Luchas	Discriminación, Marginación, Exclusión	Religiosa										
Vida	Vida y Conocimiento	Luchas	Discriminación, Marginación, Exclusión	Social, Clase										
Vida	Vida y Conocimiento	Luchas	Discriminación, Marginación, Exclusión	Discapacidad, Incapacidad, Invalidez, Inhabilidad										
Vida	Vida y Conocimiento	Luchas	Discriminación, Marginación, Exclusión	Género										
Vida	Vida y Conocimiento	Luchas	Pérdidas, Muerte, Fallecimiento, Defunción	Pareja, Amor, Novio, Novia, Esposa, Esposo										
Vida	Vida y Conocimiento	Luchas	Pérdidas, Muerte, Fallecimiento, Defunción	Familiar, Familia, Flia, Pariente	Papá, Padre, Progenitor									
Vida	Vida y Conocimiento	Luchas	Pérdidas, Muerte, Fallecimiento, Defunción	Familiar, Familia, Flia, Pariente	Mamá, Madre, Progenitora									
Vida	Vida y Conocimiento	Luchas	Pérdidas, Muerte, Fallecimiento, Defunción	Familiar, Familia, Flia, Pariente	Tío									
Vida	Vida y Conocimiento	Luchas	Pérdidas, Muerte, Fallecimiento, Defunción	Familiar, Familia, Flia, Pariente	Tía									
Vida	Vida y Conocimiento	Luchas	Pérdidas, Muerte, Fallecimiento, Defunción	Familiar, Familia, Flia, Pariente	Hermano									
Vida	Vida y Conocimiento	Luchas	Pérdidas, Muerte, Fallecimiento, Defunción	Familiar, Familia, Flia, Pariente	Hermana									
Vida	Vida y Conocimiento	Luchas	Pérdidas, Muerte, Fallecimiento, Defunción	Familiar, Familia, Flia, Pariente	Primo									
Vida	Vida y Conocimiento	Luchas	Pérdidas, Muerte, Fallecimiento, Defunción	Familiar, Familia, Flia, Pariente	Prima									
Vida	Vida y Conocimiento	Luchas	Pérdidas, Muerte, Fallecimiento, Defunción	Familiar, Familia, Flia, Pariente	Hijo									
Vida	Vida y Conocimiento	Luchas	Pérdidas, Muerte, Fallecimiento, Defunción	Familiar, Familia, Flia, Pariente	Hija									
Vida	Vida y Conocimiento	Luchas	Pérdidas, Muerte, Fallecimiento, Defunción	Familiar, Familia, Flia, Pariente	Nieto									
Vida	Vida y Conocimiento	Luchas	Pérdidas, Muerte, Fallecimiento, Defunción	Familiar, Familia, Flia, Pariente	Nieta									
Vida	Vida y Conocimiento	Luchas	Pérdidas, Muerte, Fallecimiento, Defunción	Familiar, Familia, Flia, Pariente	Abuela									
Vida	Vida y Conocimiento	Luchas	Pérdidas, Muerte, Fallecimiento, Defunción	Familiar, Familia, Flia, Pariente	Abuelo									
Vida	Vida y Conocimiento	Luchas	Pérdidas, Muerte, Fallecimiento, Defunción	Familiar, Familia, Flia, Pariente	Padrino, Compadre									
Vida	Vida y Conocimiento	Luchas	Pérdidas, Muerte, Fallecimiento, Defunción	Familiar, Familia, Flia, Pariente	Madrina, Comadre									
Vida	Vida y Conocimiento	Luchas	Pérdidas, Muerte, Fallecimiento, Defunción	Animal, Mascota	Perro									
Vida	Vida y Conocimiento	Luchas	Pérdidas, Muerte, Fallecimiento, Defunción	Animal, Mascota	Gato									
Vida	Vida y Conocimiento	Luchas	Pérdidas, Muerte, Fallecimiento, Defunción	Animal, Mascota	Aves, Pájaro,									
Vida	Vida y Conocimiento	Luchas	Pérdidas, Muerte, Fallecimiento, Defunción	Animal, Mascota	Hamster									
Vida	Vida y Conocimiento	Luchas	Pérdidas, Muerte, Fallecimiento, Defunción	Animal, Mascota	Tortuga									
Vida	Vida y Conocimiento	Luchas	Pérdidas, Muerte, Fallecimiento, Defunción	Animal, Mascota	Caballo, Yegua									
Vida	Vida y Conocimiento	Luchas	Pérdidas, Muerte, Fallecimiento, Defunción	Animal, Mascota	Conejo, Coneja									
Vida	Vida y Conocimiento	Luchas	Pérdidas, Muerte, Fallecimiento, Defunción	Animal, Mascota	Peces									
Vida	Vida y Conocimiento	Luchas	Enfermedades, Afección, Dolencia, Enfermo, Enferma, Paciente	Obesidad, Obeso, Obesos, Obesa, Obesas, Gordura, Gordo, Gordos, Gorda, Gordas										
Vida	Vida y Conocimiento	Luchas	Enfermedades, Afección, Dolencia, Enfermo, Enferma, Paciente	Depresión, Desánimo, Abatimiento, Desaliento, Postración										
Vida	Vida y Conocimiento	Luchas	Enfermedades, Afección, Dolencia, Enfermo, Enferma, Paciente	Bipolar, Desorden bipolar										
Vida	Vida y Conocimiento	Luchas	Enfermedades, Afección, Dolencia, Enfermo, Enferma, Paciente	Fobias, Repugnancia, Repulsión, Odio, Temor, Miedo, Pánico, Horror										
Vida	Vida y Conocimiento	Luchas	Enfermedades, Afección, Dolencia, Enfermo, Enferma, Paciente	Cáncer										
Vida	Vida y Conocimiento	Luchas	Enfermedades, Afección, Dolencia, Enfermo, Enferma, Paciente	Desorden de personalidad										
Vida	Vida y Conocimiento	Luchas	Enfermedades, Afección, Dolencia, Enfermo, Enferma, Paciente	Sida, HIV, VIH										
Vida	Vida y Conocimiento	Luchas	Enfermedades, Afección, Dolencia, Enfermo, Enferma, Paciente	Estrés postraumático, TEPT, 										
Vida	Vida y Conocimiento	Luchas	Enfermedades, Afección, Dolencia, Enfermo, Enferma, Paciente	Trastorno obsesivo compulsivo, TOC										
Vida	Vida y Conocimiento	Relaciones	Desamor, Corazones Rotos											
Vida	Vida y Conocimiento	Relaciones	Infidelidad, Infiel, Traición, Traidor, Deslealtad, Desleal, Engaño											
Vida	Vida y Conocimiento	Relaciones	Obsesiones											
Vida	Vida y Conocimiento	Relaciones	Citas, Encuentros											
Vida	Vida y Conocimiento	Relaciones	Separación, Divorcio											
Vida	Vida y Conocimiento	Relaciones	Primer amor, 1er amor											
Vida	Vida y Conocimiento	Relaciones	Amistad											
Vida	Vida y Conocimiento	Relaciones	Intimidad											
Vida	Vida y Conocimiento	Relaciones	Soledad											
Vida	Vida y Conocimiento	Relaciones	Relaciones de larga distancia											
Vida	Vida y Conocimiento	Relaciones	Matrimonio											
Vida	Vida y Conocimiento	Relaciones	Noviazgo											
Vida	Vida y Conocimiento	Relaciones	Compromiso, Boda, Casamiento											
Vida	Vida y Conocimiento	Relaciones	Amor, Romance											
Vida	Vida y Conocimiento	Relaciones	Soltería											
Vida	Vida y Conocimiento	Relaciones	LGBT											
Vida	Vida y Conocimiento	Relaciones	Sexualidad											
Vida	Vida y Conocimiento	Relaciones	Familiar, Familia, Flia, Pariente	Papá, Padre, Progenitor										
Vida	Vida y Conocimiento	Relaciones	Familiar, Familia, Flia, Pariente	Mamá, Madre, Progenitora										
Vida	Vida y Conocimiento	Relaciones	Familiar, Familia, Flia, Pariente	Tío										
Vida	Vida y Conocimiento	Relaciones	Familiar, Familia, Flia, Pariente	Tía										
Vida	Vida y Conocimiento	Relaciones	Familiar, Familia, Flia, Pariente	Hermano										
Vida	Vida y Conocimiento	Relaciones	Familiar, Familia, Flia, Pariente	Hermana										
Vida	Vida y Conocimiento	Relaciones	Familiar, Familia, Flia, Pariente	Primo										
Vida	Vida y Conocimiento	Relaciones	Familiar, Familia, Flia, Pariente	Prima										
Vida	Vida y Conocimiento	Relaciones	Familiar, Familia, Flia, Pariente	Hijo										
Vida	Vida y Conocimiento	Relaciones	Familiar, Familia, Flia, Pariente	Hija										
Vida	Vida y Conocimiento	Relaciones	Familiar, Familia, Flia, Pariente	Nieto										
Vida	Vida y Conocimiento	Relaciones	Familiar, Familia, Flia, Pariente	Nieta										
Vida	Vida y Conocimiento	Relaciones	Familiar, Familia, Flia, Pariente	Abuela										
Vida	Vida y Conocimiento	Relaciones	Familiar, Familia, Flia, Pariente	Abuelo										
Vida	Vida y Conocimiento	Relaciones	Familiar, Familia, Flia, Pariente	Padrino, Compadre										
Vida	Vida y Conocimiento	Relaciones	Familiar, Familia, Flia, Pariente	Madrina, Comadre										
Vida	Vida y Conocimiento	Relaciones	Familiar, Familia, Flia, Pariente	Familia política, Familiar político										
Vida	Vida y Conocimiento	Turismo	Viajes, Destinos											
Vida	Vida y Conocimiento	Turismo	Vuelos											
Vida	Vida y Conocimiento	Turismo	Cruceros, Barco											
Vida	Vida y Conocimiento	Turismo	Alojamientos, Hospedajes											
Vida	Vida y Conocimiento	Turismo	Excursiones, Paseos, Actividades											
Vida	Vida y Conocimiento	Turismo	Gastronomía, Comida, Restaurantes, Cocina											
Vida	Vida y Conocimiento	Turismo	Seguros, Seguros de viajero	Assist cards										
Vida	Vida y Conocimiento	Turismo	Seguros, Seguros de viajero	Universal Assistance										
Vida	Vida y Conocimiento	Turismo	Seguros, Seguros de viajero	Travel Ace										
Vida	Vida y Conocimiento	Turismo	Vacaciones, Vacacionar											
Vida	Vida y Conocimiento	Turismo	Rentacar, Renta auto											
Vida	Vida y Conocimiento	Vida	Comunidad, Sociedad											
Vida	Vida y Conocimiento	Vida	Maternidad											
Vida	Vida y Conocimiento	Vida	Paternidad											
Vida	Vida y Conocimiento	Vida	Crianza											
Vida	Vida y Conocimiento	Vida	Juventud, Adolescencia											
Vida	Vida y Conocimiento	Vida	Creencias											
Vida	Vida y Conocimiento	Vida	Religión											
Vida	Vida y Conocimiento	Vida	Espiritualidad											
Vida	Vida y Conocimiento	Vida	Política	Elecciones										
Vida	Vida y Conocimiento	Vida	Política	Gobierno										
Vida	Vida y Conocimiento	Vida	Política	Inmigración										
Vida	Vida y Conocimiento	Vida	Política	Leyes										
Vida	Vida y Conocimiento	Vida	Política	Participación ciudadana										
Vida	Vida y Conocimiento	Vida	Trabajo, Laburo, Labor, Ocupación, Oficio, Chamba											
Vida	Vida y Conocimiento	Vida	Negocios											
Vida	Vida y Conocimiento	Vida	Educación, Enseñanza, APrendizaje											
Vida	Vida y Conocimiento	Vida	Sueños											
